celebrity_name,season,week,weekly_avg_score,weekly_total_score,num_judges,was_eliminated,weekly_rank_by_avg,weekly_rank_by_total,weekly_score_percentage,results,placement,has_tie
Evander Holyfield,1,1.0,6.0,18.0,3,False,4.0,4.0,16.51376146788991,Eliminated Week 3,5,True
Joey McIntyre,1,1.0,6.666666666666667,20.0,3,False,1.0,1.0,18.34862385321101,3rd Place,3,True
John O'Hurley,1,1.0,6.666666666666667,20.0,3,False,1.0,1.0,18.34862385321101,2nd Place,2,True
Kelly Monaco,1,1.0,4.333333333333333,13.0,3,False,6.0,6.0,11.926605504587156,1st Place,1,True
Rachel Hunter,1,1.0,6.666666666666667,20.0,3,False,1.0,1.0,18.34862385321101,Eliminated Week 4,4,True
Trista Sutter,1,1.0,6.0,18.0,3,False,4.0,4.0,16.51376146788991,Eliminated Week 2,6,True
Evander Holyfield,1,2.0,4.666666666666667,14.0,3,False,6.0,6.0,11.570247933884298,Eliminated Week 3,5,False
Joey McIntyre,1,2.0,7.0,21.0,3,False,3.0,3.0,17.355371900826448,3rd Place,3,False
John O'Hurley,1,2.0,8.666666666666666,26.0,3,False,1.0,1.0,21.487603305785125,2nd Place,2,False
Kelly Monaco,1,2.0,5.666666666666667,17.0,3,False,5.0,5.0,14.049586776859504,1st Place,1,False
Rachel Hunter,1,2.0,8.0,24.0,3,False,2.0,2.0,19.83471074380165,Eliminated Week 4,4,False
Trista Sutter,1,2.0,6.333333333333333,19.0,3,False,4.0,4.0,15.702479338842975,Eliminated Week 2,6,False
Evander Holyfield,1,3.0,4.333333333333333,13.0,3,False,5.0,5.0,12.264150943396226,Eliminated Week 3,5,False
Joey McIntyre,1,3.0,7.333333333333333,22.0,3,False,3.0,3.0,20.75471698113208,3rd Place,3,False
John O'Hurley,1,3.0,8.0,24.0,3,False,2.0,2.0,22.641509433962263,2nd Place,2,False
Kelly Monaco,1,3.0,7.0,21.0,3,False,4.0,4.0,19.81132075471698,1st Place,1,False
Rachel Hunter,1,3.0,8.666666666666666,26.0,3,False,1.0,1.0,24.52830188679245,Eliminated Week 4,4,False
Joey McIntyre,1,4.0,6.666666666666667,20.0,3,False,4.0,4.0,21.73913043478261,3rd Place,3,False
John O'Hurley,1,4.0,7.0,21.0,3,False,3.0,3.0,22.82608695652174,2nd Place,2,False
Kelly Monaco,1,4.0,8.666666666666666,26.0,3,False,1.0,1.0,28.26086956521739,1st Place,1,False
Rachel Hunter,1,4.0,8.333333333333334,25.0,3,False,2.0,2.0,27.173913043478255,Eliminated Week 4,4,False
Joey McIntyre,1,5.0,7.5,22.5,3,False,3.0,3.0,30.82191780821918,3rd Place,3,False
John O'Hurley,1,5.0,9.0,27.0,3,False,1.0,1.0,36.98630136986301,2nd Place,2,False
Kelly Monaco,1,5.0,7.833333333333333,23.5,3,False,2.0,2.0,32.19178082191781,1st Place,1,False
John O'Hurley,1,6.0,9.0,27.0,3,False,2.0,2.0,49.54128440366973,2nd Place,2,False
Kelly Monaco,1,6.0,9.166666666666666,27.5,3,False,1.0,1.0,50.45871559633027,1st Place,1,False
Drew Lachey,2,1.0,8.0,24.0,3,False,1.0,1.0,12.307692307692308,1st Place,1,True
George Hamilton,2,1.0,6.0,18.0,3,False,8.0,8.0,9.230769230769232,Eliminated Week 6,5,True
Giselle Fernandez,2,1.0,7.666666666666667,23.0,3,False,2.0,2.0,11.794871794871794,Eliminated Week 3,8,True
Jerry Rice,2,1.0,7.0,21.0,3,False,5.0,5.0,10.76923076923077,2nd Place,2,True
Kenny Mayne,2,1.0,4.333333333333333,13.0,3,False,9.0,9.0,6.666666666666667,Eliminated Week 1,10,True
Lisa Rinna,2,1.0,6.333333333333333,19.0,3,False,7.0,7.0,9.743589743589745,Eliminated Week 7,4,True
Master P,2,1.0,4.0,12.0,3,False,10.0,10.0,6.153846153846154,Eliminated Week 4,7,True
Stacy Keibler,2,1.0,7.333333333333333,22.0,3,False,4.0,4.0,11.282051282051285,3rd Place,3,True
Tatum O'Neal,2,1.0,7.666666666666667,23.0,3,False,2.0,2.0,11.794871794871794,Eliminated Week 2,9,True
Tia Carrere,2,1.0,6.666666666666667,20.0,3,False,6.0,6.0,10.256410256410255,Eliminated Week 5,6,True
Drew Lachey,2,2.0,9.0,27.0,3,False,2.0,2.0,13.5,1st Place,1,True
George Hamilton,2,2.0,7.333333333333333,22.0,3,False,5.0,5.0,11.0,Eliminated Week 6,5,True
Giselle Fernandez,2,2.0,8.0,24.0,3,False,3.0,3.0,12.0,Eliminated Week 3,8,True
Jerry Rice,2,2.0,7.666666666666667,23.0,3,False,4.0,4.0,11.5,2nd Place,2,True
Lisa Rinna,2,2.0,6.666666666666667,20.0,3,False,7.0,7.0,10.0,Eliminated Week 7,4,True
Master P,2,2.0,5.333333333333333,16.0,3,False,9.0,9.0,8.0,Eliminated Week 4,7,True
Stacy Keibler,2,2.0,9.666666666666666,29.0,3,False,1.0,1.0,14.499999999999998,3rd Place,3,True
Tatum O'Neal,2,2.0,5.666666666666667,17.0,3,False,8.0,8.0,8.5,Eliminated Week 2,9,True
Tia Carrere,2,2.0,7.333333333333333,22.0,3,False,5.0,5.0,11.0,Eliminated Week 5,6,True
Drew Lachey,2,3.0,9.0,27.0,3,False,1.0,1.0,14.835164835164836,1st Place,1,True
George Hamilton,2,3.0,7.333333333333333,22.0,3,False,5.0,5.0,12.087912087912088,Eliminated Week 6,5,True
Giselle Fernandez,2,3.0,7.333333333333333,22.0,3,False,5.0,5.0,12.087912087912088,Eliminated Week 3,8,True
Jerry Rice,2,3.0,6.333333333333333,19.0,3,False,7.0,7.0,10.43956043956044,2nd Place,2,True
Lisa Rinna,2,3.0,8.333333333333334,25.0,3,False,4.0,4.0,13.736263736263735,Eliminated Week 7,4,True
Master P,2,3.0,4.666666666666667,14.0,3,False,8.0,8.0,7.6923076923076925,Eliminated Week 4,7,True
Stacy Keibler,2,3.0,9.0,27.0,3,False,1.0,1.0,14.835164835164836,3rd Place,3,True
Tia Carrere,2,3.0,8.666666666666666,26.0,3,False,3.0,3.0,14.285714285714285,Eliminated Week 5,6,True
Drew Lachey,2,4.0,9.333333333333334,28.0,3,False,1.0,1.0,17.72151898734177,1st Place,1,True
George Hamilton,2,4.0,7.0,21.0,3,False,6.0,6.0,13.291139240506327,Eliminated Week 6,5,True
Jerry Rice,2,4.0,8.0,24.0,3,False,5.0,5.0,15.18987341772152,2nd Place,2,True
Lisa Rinna,2,4.0,8.666666666666666,26.0,3,False,2.0,2.0,16.455696202531644,Eliminated Week 7,4,True
Master P,2,4.0,2.6666666666666665,8.0,3,False,7.0,7.0,5.063291139240507,Eliminated Week 4,7,True
Stacy Keibler,2,4.0,8.666666666666666,26.0,3,False,2.0,2.0,16.455696202531644,3rd Place,3,True
Tia Carrere,2,4.0,8.333333333333334,25.0,3,False,4.0,4.0,15.822784810126585,Eliminated Week 5,6,True
Drew Lachey,2,5.0,9.0,27.0,3,False,2.0,2.0,17.880794701986755,1st Place,1,False
George Hamilton,2,5.0,8.0,24.0,3,False,4.0,4.0,15.89403973509934,Eliminated Week 6,5,False
Jerry Rice,2,5.0,7.666666666666667,23.0,3,False,5.0,5.0,15.2317880794702,2nd Place,2,False
Lisa Rinna,2,5.0,8.333333333333334,25.0,3,False,3.0,3.0,16.55629139072848,Eliminated Week 7,4,False
Stacy Keibler,2,5.0,10.0,30.0,3,False,1.0,1.0,19.86754966887417,3rd Place,3,False
Tia Carrere,2,5.0,7.333333333333333,22.0,3,False,6.0,6.0,14.56953642384106,Eliminated Week 5,6,False
Drew Lachey,2,6.0,10.0,30.0,3,False,1.0,1.0,22.55639097744361,1st Place,1,True
George Hamilton,2,6.0,7.666666666666667,23.0,3,False,4.0,4.0,17.293233082706767,Eliminated Week 6,5,True
Jerry Rice,2,6.0,7.666666666666667,23.0,3,False,4.0,4.0,17.293233082706767,2nd Place,2,True
Lisa Rinna,2,6.0,9.0,27.0,3,False,3.0,3.0,20.30075187969925,Eliminated Week 7,4,True
Stacy Keibler,2,6.0,10.0,30.0,3,False,1.0,1.0,22.55639097744361,3rd Place,3,True
Drew Lachey,2,7.0,9.166666666666666,27.5,3,False,1.0,1.0,26.96078431372549,1st Place,1,True
Jerry Rice,2,7.0,6.833333333333333,20.5,3,False,4.0,4.0,20.098039215686278,2nd Place,2,True
Lisa Rinna,2,7.0,8.833333333333334,26.5,3,False,3.0,3.0,25.98039215686275,Eliminated Week 7,4,True
Stacy Keibler,2,7.0,9.166666666666666,27.5,3,False,1.0,1.0,26.96078431372549,3rd Place,3,True
Drew Lachey,2,8.0,9.6666,28.9998,3,False,1.0,1.0,34.38729131809769,1st Place,1,False
Jerry Rice,2,8.0,8.888866666666667,26.666600000000003,3,False,3.0,3.0,31.620636785880723,2nd Place,2,False
Stacy Keibler,2,8.0,9.5555,28.6665,3,False,2.0,2.0,33.9920718960216,3rd Place,3,False
Ally Brooke,28,1.0,5.333333333333333,16.0,3,False,7.0,7.0,8.121827411167512,3rd Place,3,True
Hannah Brown,28,1.0,6.666666666666667,20.0,3,False,2.0,2.0,10.152284263959393,1st Place,1,True
James Van Der Beek,28,1.0,7.0,21.0,3,False,1.0,1.0,10.65989847715736,Eliminated Week 10,5,True
Karamo Brown,28,1.0,5.666666666666667,17.0,3,False,5.0,5.0,8.629441624365482,Eliminated Week 7,8,True
Kate Flannery,28,1.0,5.0,15.0,3,False,9.0,9.0,7.614213197969544,Eliminated Week 8,7,True
Kel Mitchell,28,1.0,5.333333333333333,16.0,3,False,7.0,7.0,8.121827411167512,2nd Place,2,True
Lamar Odom,28,1.0,3.6666666666666665,11.0,3,False,12.0,12.0,5.583756345177665,Eliminated Week 4,10,True
Lauren Alaina,28,1.0,6.333333333333333,19.0,3,False,3.0,3.0,9.64467005076142,4th Place,4,True
Mary Wilson,28,1.0,5.666666666666667,17.0,3,False,5.0,5.0,8.629441624365482,Eliminated Week 2,12,True
Ray Lewis,28,1.0,5.0,15.0,3,False,9.0,9.0,7.614213197969544,Withdrew,11,True
Sailor Brinkley-Cook,28,1.0,6.0,18.0,3,False,4.0,4.0,9.137055837563452,Eliminated Week 6,9,True
Sean Spicer,28,1.0,4.0,12.0,3,False,11.0,11.0,6.091370558375635,Eliminated Week 9,6,True
Ally Brooke,28,2.0,6.666666666666667,20.0,3,False,3.0,3.0,9.1324200913242,3rd Place,3,True
Hannah Brown,28,2.0,8.0,24.0,3,False,1.0,1.0,10.95890410958904,1st Place,1,True
James Van Der Beek,28,2.0,6.666666666666667,20.0,3,False,3.0,3.0,9.1324200913242,Eliminated Week 10,5,True
Karamo Brown,28,2.0,6.333333333333333,19.0,3,False,6.0,6.0,8.67579908675799,Eliminated Week 7,8,True
Kate Flannery,28,2.0,7.0,21.0,3,False,2.0,2.0,9.58904109589041,Eliminated Week 8,7,True
Kel Mitchell,28,2.0,6.666666666666667,20.0,3,False,3.0,3.0,9.1324200913242,2nd Place,2,True
Lamar Odom,28,2.0,4.0,12.0,3,False,12.0,12.0,5.47945205479452,Eliminated Week 4,10,True
Lauren Alaina,28,2.0,6.333333333333333,19.0,3,False,6.0,6.0,8.67579908675799,4th Place,4,True
Mary Wilson,28,2.0,5.0,15.0,3,False,10.0,10.0,6.849315068493151,Eliminated Week 2,12,True
Ray Lewis,28,2.0,5.0,15.0,3,False,10.0,10.0,6.849315068493151,Withdrew,11,True
Sailor Brinkley-Cook,28,2.0,6.0,18.0,3,False,8.0,8.0,8.21917808219178,Eliminated Week 6,9,True
Sean Spicer,28,2.0,5.333333333333333,16.0,3,False,9.0,9.0,7.30593607305936,Eliminated Week 9,6,True
Ally Brooke,28,3.0,8.0,24.0,3,False,1.0,1.0,12.12121212121212,3rd Place,3,True
Hannah Brown,28,3.0,7.0,21.0,3,False,5.0,5.0,10.606060606060606,1st Place,1,True
James Van Der Beek,28,3.0,7.666666666666667,23.0,3,False,3.0,3.0,11.616161616161616,Eliminated Week 10,5,True
Karamo Brown,28,3.0,5.333333333333333,16.0,3,False,8.0,8.0,8.080808080808081,Eliminated Week 7,8,True
Kate Flannery,28,3.0,8.0,24.0,3,False,1.0,1.0,12.12121212121212,Eliminated Week 8,7,True
Kel Mitchell,28,3.0,6.666666666666667,20.0,3,False,6.0,6.0,10.1010101010101,2nd Place,2,True
Lamar Odom,28,3.0,4.0,12.0,3,False,10.0,10.0,6.0606060606060606,Eliminated Week 4,10,True
Lauren Alaina,28,3.0,6.666666666666667,20.0,3,False,6.0,6.0,10.1010101010101,4th Place,4,True
Sailor Brinkley-Cook,28,3.0,7.666666666666667,23.0,3,False,3.0,3.0,11.616161616161616,Eliminated Week 6,9,True
Sean Spicer,28,3.0,5.0,15.0,3,False,9.0,9.0,7.575757575757576,Eliminated Week 9,6,True
Ally Brooke,28,4.0,8.0,32.0,4,False,1.0,1.0,11.347517730496454,3rd Place,3,True
Hannah Brown,28,4.0,8.0,32.0,4,False,1.0,1.0,11.347517730496454,1st Place,1,True
James Van Der Beek,28,4.0,7.0,28.0,4,False,6.0,6.0,9.929078014184398,Eliminated Week 10,5,True
Karamo Brown,28,4.0,7.0,28.0,4,False,6.0,6.0,9.929078014184398,Eliminated Week 7,8,True
Kate Flannery,28,4.0,6.5,26.0,4,False,8.0,8.0,9.219858156028367,Eliminated Week 8,7,True
Kel Mitchell,28,4.0,8.0,32.0,4,False,1.0,1.0,11.347517730496454,2nd Place,2,True
Lamar Odom,28,4.0,5.0,20.0,4,False,10.0,10.0,7.092198581560284,Eliminated Week 4,10,True
Lauren Alaina,28,4.0,8.0,32.0,4,False,1.0,1.0,11.347517730496454,4th Place,4,True
Sailor Brinkley-Cook,28,4.0,7.75,31.0,4,False,5.0,5.0,10.99290780141844,Eliminated Week 6,9,True
Sean Spicer,28,4.0,5.25,21.0,4,False,9.0,9.0,7.446808510638298,Eliminated Week 9,6,True
Ally Brooke,28,5.0,9.0,27.0,3,False,1.0,1.0,12.558139534883722,3rd Place,3,True
Hannah Brown,28,5.0,8.333333333333334,25.0,3,False,4.0,4.0,11.627906976744184,1st Place,1,True
James Van Der Beek,28,5.0,8.666666666666666,26.0,3,False,2.0,2.0,12.093023255813954,Eliminated Week 10,5,True
Karamo Brown,28,5.0,7.0,21.0,3,False,8.0,8.0,9.767441860465116,Eliminated Week 7,8,True
Kate Flannery,28,5.0,8.0,24.0,3,False,5.0,5.0,11.16279069767442,Eliminated Week 8,7,True
Kel Mitchell,28,5.0,8.666666666666666,26.0,3,False,2.0,2.0,12.093023255813954,2nd Place,2,True
Lauren Alaina,28,5.0,7.666666666666667,23.0,3,False,7.0,7.0,10.69767441860465,4th Place,4,True
Sailor Brinkley-Cook,28,5.0,8.0,24.0,3,False,5.0,5.0,11.16279069767442,Eliminated Week 6,9,True
Sean Spicer,28,5.0,6.333333333333333,19.0,3,False,9.0,9.0,8.837209302325581,Eliminated Week 9,6,True
Ally Brooke,28,6.0,8.333333333333334,25.0,3,False,6.0,6.0,10.964912280701752,3rd Place,3,True
Hannah Brown,28,6.0,8.0,24.0,3,False,8.0,8.0,10.526315789473683,1st Place,1,True
James Van Der Beek,28,6.0,9.0,27.0,3,False,1.0,1.0,11.842105263157894,Eliminated Week 10,5,True
Karamo Brown,28,6.0,8.333333333333334,25.0,3,False,6.0,6.0,10.964912280701752,Eliminated Week 7,8,True
Kate Flannery,28,6.0,9.0,27.0,3,False,1.0,1.0,11.842105263157894,Eliminated Week 8,7,True
Kel Mitchell,28,6.0,8.666666666666666,26.0,3,False,4.0,4.0,11.403508771929824,2nd Place,2,True
Lauren Alaina,28,6.0,8.666666666666666,26.0,3,False,4.0,4.0,11.403508771929824,4th Place,4,True
Sailor Brinkley-Cook,28,6.0,9.0,27.0,3,False,1.0,1.0,11.842105263157894,Eliminated Week 6,9,True
Sean Spicer,28,6.0,7.0,21.0,3,False,9.0,9.0,9.210526315789473,Eliminated Week 9,6,True
Ally Brooke,28,7.0,9.0,27.0,3,False,1.0,1.0,13.366336633663368,3rd Place,3,True
Hannah Brown,28,7.0,8.666666666666666,26.0,3,False,4.0,4.0,12.871287128712872,1st Place,1,True
James Van Der Beek,28,7.0,9.0,27.0,3,False,1.0,1.0,13.366336633663368,Eliminated Week 10,5,True
Karamo Brown,28,7.0,8.166666666666666,24.5,3,False,6.0,6.0,12.128712871287128,Eliminated Week 7,8,True
Kate Flannery,28,7.0,8.0,24.0,3,False,7.0,7.0,11.88118811881188,Eliminated Week 8,7,True
Kel Mitchell,28,7.0,8.5,25.5,3,False,5.0,5.0,12.623762376237623,2nd Place,2,True
Lauren Alaina,28,7.0,9.0,27.0,3,False,1.0,1.0,13.366336633663368,4th Place,4,True
Sean Spicer,28,7.0,7.0,21.0,3,False,8.0,8.0,10.396039603960396,Eliminated Week 9,6,True
Ally Brooke,28,8.0,10.0,30.0,3,False,3.0,3.0,15.544105882304176,3rd Place,3,False
Hannah Brown,28,8.0,10.333266666666669,30.9998,3,False,2.0,2.0,16.062139117675102,1st Place,1,False
James Van Der Beek,28,8.0,10.6666,31.9998,3,False,1.0,1.0,16.58027598041857,Eliminated Week 10,5,False
Kate Flannery,28,8.0,8.6666,25.9998,3,False,5.0,5.0,13.471454803957736,Eliminated Week 8,7,False
Kel Mitchell,28,8.0,9.999933333333331,29.9998,3,False,4.0,4.0,15.544002254931629,2nd Place,2,False
Lauren Alaina,28,8.0,8.0,24.0,3,False,6.0,6.0,12.43528470584334,4th Place,4,False
Sean Spicer,28,8.0,6.666666666666667,20.0,3,False,7.0,7.0,10.362737254869453,Eliminated Week 9,6,False
Ally Brooke,28,9.0,10.0,40.0,4,False,1.0,1.0,19.18465227817746,3rd Place,3,False
Hannah Brown,28,9.0,8.875,35.5,4,False,4.0,4.0,17.026378896882495,1st Place,1,False
James Van Der Beek,28,9.0,9.0,36.0,4,False,3.0,3.0,17.26618705035971,Eliminated Week 10,5,False
Kel Mitchell,28,9.0,9.25,37.0,4,False,2.0,2.0,17.74580335731415,2nd Place,2,False
Lauren Alaina,28,9.0,8.75,35.0,4,False,5.0,5.0,16.786570743405278,4th Place,4,False
Sean Spicer,28,9.0,6.25,25.0,4,False,6.0,6.0,11.990407673860911,Eliminated Week 9,6,False
Ally Brooke,28,10.0,9.833333333333334,29.5,3,False,1.0,1.0,21.454545454545453,3rd Place,3,True
Hannah Brown,28,10.0,9.0,27.0,3,False,3.0,3.0,19.63636363636364,1st Place,1,True
James Van Der Beek,28,10.0,8.5,25.5,3,False,5.0,5.0,18.545454545454547,Eliminated Week 10,5,True
Kel Mitchell,28,10.0,9.5,28.5,3,False,2.0,2.0,20.727272727272727,2nd Place,2,True
Lauren Alaina,28,10.0,9.0,27.0,3,False,3.0,3.0,19.63636363636364,4th Place,4,True
Ally Brooke,28,11.0,10.0,30.0,3,False,1.0,1.0,25.64102564102564,3rd Place,3,False
Hannah Brown,28,11.0,9.666666666666666,29.0,3,False,3.0,3.0,24.786324786324787,1st Place,1,False
Kel Mitchell,28,11.0,9.833333333333334,29.5,3,False,2.0,2.0,25.213675213675213,2nd Place,2,False
Lauren Alaina,28,11.0,9.5,28.5,3,False,4.0,4.0,24.35897435897436,4th Place,4,False
AJ McLean,29,1.0,6.0,18.0,3,False,6.0,6.0,6.923076923076923,Eliminated Week 9,7,True
Anne Heche,29,1.0,6.0,18.0,3,False,6.0,6.0,6.923076923076923,Eliminated Week 4,13,True
Carole Baskin,29,1.0,3.6666666666666665,11.0,3,False,15.0,15.0,4.230769230769231,Eliminated Week 3,14,True
Charles Oakley,29,1.0,4.0,12.0,3,False,14.0,14.0,4.615384615384616,Eliminated Week 2,15,True
Chrishell Stause,29,1.0,4.333333333333333,13.0,3,False,13.0,13.0,5.0,Eliminated Week 8,8,True
Jeannie Mai,29,1.0,6.0,18.0,3,False,6.0,6.0,6.923076923076923,Withdrew,9,True
Jesse Metcalfe,29,1.0,6.0,18.0,3,False,6.0,6.0,6.923076923076923,Eliminated Week 5,12,True
Johnny Weir,29,1.0,6.0,18.0,3,False,6.0,6.0,6.923076923076923,Eliminated Week 10,6,True
Justina Machado,29,1.0,7.0,21.0,3,False,1.0,1.0,8.076923076923077,4th Place,4,True
Kaitlyn Bristowe,29,1.0,6.666666666666667,20.0,3,False,3.0,3.0,7.6923076923076925,1st Place,1,True
Monica Aldama,29,1.0,6.333333333333333,19.0,3,False,5.0,5.0,7.307692307692308,Eliminated Week 7,10,True
Nelly,29,1.0,5.333333333333333,16.0,3,False,12.0,12.0,6.153846153846154,3rd Place,3,True
Nev Schulman,29,1.0,6.666666666666667,20.0,3,False,3.0,3.0,7.6923076923076925,2nd Place,2,True
Skai Jackson,29,1.0,7.0,21.0,3,False,1.0,1.0,8.076923076923077,Eliminated Week 10,5,True
Veron Davis,29,1.0,5.666666666666667,17.0,3,False,11.0,11.0,6.538461538461539,Eliminated Week 6,11,True
AJ McLean,29,2.0,6.333333333333333,19.0,3,False,5.0,5.0,6.95970695970696,Eliminated Week 9,7,True
Anne Heche,29,2.0,6.0,18.0,3,False,6.0,6.0,6.593406593406594,Eliminated Week 4,13,True
Carole Baskin,29,2.0,5.333333333333333,16.0,3,False,12.0,12.0,5.86080586080586,Eliminated Week 3,14,True
Charles Oakley,29,2.0,5.0,15.0,3,False,14.0,14.0,5.494505494505495,Eliminated Week 2,15,True
Chrishell Stause,29,2.0,6.0,18.0,3,False,6.0,6.0,6.593406593406594,Eliminated Week 8,8,True
Jeannie Mai,29,2.0,6.0,18.0,3,False,6.0,6.0,6.593406593406594,Withdrew,9,True
Jesse Metcalfe,29,2.0,6.666666666666667,20.0,3,False,4.0,4.0,7.326007326007327,Eliminated Week 5,12,True
Johnny Weir,29,2.0,6.0,18.0,3,False,6.0,6.0,6.593406593406594,Eliminated Week 10,6,True
Justina Machado,29,2.0,7.0,21.0,3,False,2.0,2.0,7.6923076923076925,4th Place,4,True
Kaitlyn Bristowe,29,2.0,7.333333333333333,22.0,3,False,1.0,1.0,8.058608058608058,1st Place,1,True
Monica Aldama,29,2.0,5.333333333333333,16.0,3,False,12.0,12.0,5.86080586080586,Eliminated Week 7,10,True
Nelly,29,2.0,6.0,18.0,3,False,6.0,6.0,6.593406593406594,3rd Place,3,True
Nev Schulman,29,2.0,7.0,21.0,3,False,2.0,2.0,7.6923076923076925,2nd Place,2,True
Skai Jackson,29,2.0,5.0,15.0,3,False,14.0,14.0,5.494505494505495,Eliminated Week 10,5,True
Veron Davis,29,2.0,6.0,18.0,3,False,6.0,6.0,6.593406593406594,Eliminated Week 6,11,True
AJ McLean,29,3.0,7.0,21.0,3,False,7.0,7.0,7.473309608540925,Eliminated Week 9,7,True
Anne Heche,29,3.0,5.0,15.0,3,False,13.0,13.0,5.338078291814947,Eliminated Week 4,13,True
Carole Baskin,29,3.0,4.0,12.0,3,False,14.0,14.0,4.270462633451958,Eliminated Week 3,14,True
Chrishell Stause,29,3.0,7.333333333333333,22.0,3,False,4.0,4.0,7.829181494661921,Eliminated Week 8,8,True
Jeannie Mai,29,3.0,7.333333333333333,22.0,3,False,4.0,4.0,7.829181494661921,Withdrew,9,True
Jesse Metcalfe,29,3.0,6.666666666666667,20.0,3,False,9.0,9.0,7.11743772241993,Eliminated Week 5,12,True
Johnny Weir,29,3.0,8.0,24.0,3,False,1.0,1.0,8.540925266903916,Eliminated Week 10,6,True
Justina Machado,29,3.0,6.333333333333333,19.0,3,False,10.0,10.0,6.761565836298933,4th Place,4,True
Kaitlyn Bristowe,29,3.0,7.666666666666667,23.0,3,False,3.0,3.0,8.185053380782918,1st Place,1,True
Monica Aldama,29,3.0,7.0,21.0,3,False,7.0,7.0,7.473309608540925,Eliminated Week 7,10,True
Nelly,29,3.0,6.0,18.0,3,False,11.0,11.0,6.405693950177936,3rd Place,3,True
Nev Schulman,29,3.0,8.0,24.0,3,False,1.0,1.0,8.540925266903916,2nd Place,2,True
Skai Jackson,29,3.0,6.0,18.0,3,False,11.0,11.0,6.405693950177936,Eliminated Week 10,5,True
Veron Davis,29,3.0,7.333333333333333,22.0,3,False,4.0,4.0,7.829181494661921,Eliminated Week 6,11,True
AJ McLean,29,4.0,8.0,24.0,3,False,3.0,3.0,7.973421926910299,Eliminated Week 9,7,True
Anne Heche,29,4.0,7.0,21.0,3,False,10.0,10.0,6.976744186046512,Eliminated Week 4,13,True
Chrishell Stause,29,4.0,7.333333333333333,22.0,3,False,8.0,8.0,7.308970099667775,Eliminated Week 8,8,True
Jeannie Mai,29,4.0,7.0,21.0,3,False,10.0,10.0,6.976744186046512,Withdrew,9,True
Jesse Metcalfe,29,4.0,7.0,21.0,3,False,10.0,10.0,6.976744186046512,Eliminated Week 5,12,True
Johnny Weir,29,4.0,8.0,24.0,3,False,3.0,3.0,7.973421926910299,Eliminated Week 10,6,True
Justina Machado,29,4.0,8.0,24.0,3,False,3.0,3.0,7.973421926910299,4th Place,4,True
Kaitlyn Bristowe,29,4.0,8.333333333333334,25.0,3,False,2.0,2.0,8.305647840531561,1st Place,1,True
Monica Aldama,29,4.0,8.0,24.0,3,False,3.0,3.0,7.973421926910299,Eliminated Week 7,10,True
Nelly,29,4.0,7.0,21.0,3,False,10.0,10.0,6.976744186046512,3rd Place,3,True
Nev Schulman,29,4.0,8.0,24.0,3,False,3.0,3.0,7.973421926910299,2nd Place,2,True
Skai Jackson,29,4.0,9.333333333333334,28.0,3,False,1.0,1.0,9.30232558139535,Eliminated Week 10,5,True
Veron Davis,29,4.0,7.333333333333333,22.0,3,False,8.0,8.0,7.308970099667775,Eliminated Week 6,11,True
AJ McLean,29,5.0,8.0,24.0,3,False,5.0,5.0,8.362369337979095,Eliminated Week 9,7,True
Chrishell Stause,29,5.0,6.333333333333333,19.0,3,False,11.0,11.0,6.620209059233449,Eliminated Week 8,8,True
Jeannie Mai,29,5.0,8.0,24.0,3,False,5.0,5.0,8.362369337979095,Withdrew,9,True
Jesse Metcalfe,29,5.0,6.333333333333333,19.0,3,False,11.0,11.0,6.620209059233449,Eliminated Week 5,12,True
Johnny Weir,29,5.0,9.666666666666666,29.0,3,False,1.0,1.0,10.104529616724738,Eliminated Week 10,6,True
Justina Machado,29,5.0,8.0,24.0,3,False,5.0,5.0,8.362369337979095,4th Place,4,True
Kaitlyn Bristowe,29,5.0,9.0,27.0,3,False,2.0,2.0,9.40766550522648,1st Place,1,True
Monica Aldama,29,5.0,8.666666666666666,26.0,3,False,3.0,3.0,9.059233449477352,Eliminated Week 7,10,True
Nelly,29,5.0,8.0,24.0,3,False,5.0,5.0,8.362369337979095,3rd Place,3,True
Nev Schulman,29,5.0,8.666666666666666,26.0,3,False,3.0,3.0,9.059233449477352,2nd Place,2,True
Skai Jackson,29,5.0,8.0,24.0,3,False,5.0,5.0,8.362369337979095,Eliminated Week 10,5,True
Veron Davis,29,5.0,7.0,21.0,3,False,10.0,10.0,7.317073170731707,Eliminated Week 6,11,True
AJ McLean,29,6.0,9.0,27.0,3,False,1.0,1.0,10.07462686567164,Eliminated Week 9,7,True
Chrishell Stause,29,6.0,8.0,24.0,3,False,7.0,7.0,8.955223880597014,Eliminated Week 8,8,True
Jeannie Mai,29,6.0,8.333333333333334,25.0,3,False,6.0,6.0,9.328358208955224,Withdrew,9,True
Johnny Weir,29,6.0,7.333333333333333,22.0,3,False,9.0,9.0,8.208955223880597,Eliminated Week 10,6,True
Justina Machado,29,6.0,9.0,27.0,3,False,1.0,1.0,10.07462686567164,4th Place,4,True
Kaitlyn Bristowe,29,6.0,9.0,27.0,3,False,1.0,1.0,10.07462686567164,1st Place,1,True
Monica Aldama,29,6.0,9.0,27.0,3,False,1.0,1.0,10.07462686567164,Eliminated Week 7,10,True
Nelly,29,6.0,8.0,24.0,3,False,7.0,7.0,8.955223880597014,3rd Place,3,True
Nev Schulman,29,6.0,8.666666666666666,26.0,3,False,5.0,5.0,9.701492537313433,2nd Place,2,True
Skai Jackson,29,6.0,6.0,18.0,3,False,11.0,11.0,6.7164179104477615,Eliminated Week 10,5,True
Veron Davis,29,6.0,7.0,21.0,3,False,10.0,10.0,7.835820895522389,Eliminated Week 6,11,True
AJ McLean,29,7.0,8.666666666666666,26.0,3,False,5.0,5.0,10.0,Eliminated Week 9,7,True
Chrishell Stause,29,7.0,8.666666666666666,26.0,3,False,5.0,5.0,10.0,Eliminated Week 8,8,True
Jeannie Mai,29,7.0,8.333333333333334,25.0,3,False,8.0,8.0,9.615384615384617,Withdrew,9,True
Johnny Weir,29,7.0,9.0,27.0,3,False,2.0,2.0,10.384615384615383,Eliminated Week 10,6,True
Justina Machado,29,7.0,8.666666666666666,26.0,3,False,5.0,5.0,10.0,4th Place,4,True
Kaitlyn Bristowe,29,7.0,8.0,24.0,3,False,9.0,9.0,9.230769230769232,1st Place,1,True
Monica Aldama,29,7.0,7.333333333333333,22.0,3,False,10.0,10.0,8.461538461538462,Eliminated Week 7,10,True
Nelly,29,7.0,9.0,27.0,3,False,2.0,2.0,10.384615384615383,3rd Place,3,True
Nev Schulman,29,7.0,10.0,30.0,3,False,1.0,1.0,11.538461538461538,2nd Place,2,True
Skai Jackson,29,7.0,9.0,27.0,3,False,2.0,2.0,10.384615384615383,Eliminated Week 10,5,True
AJ McLean,29,8.0,9.0,27.0,3,False,5.0,5.0,12.162184076007344,Eliminated Week 9,7,True
Chrishell Stause,29,8.0,9.0,27.0,3,False,5.0,5.0,12.162184076007344,Eliminated Week 8,8,True
Johnny Weir,29,8.0,10.0,30.0,3,False,1.0,1.0,13.513537862230384,Eliminated Week 10,6,True
Justina Machado,29,8.0,9.6666,28.9998,3,False,3.0,3.0,13.062996509903623,4th Place,4,True
Kaitlyn Bristowe,29,8.0,9.333333333333334,28.0,3,False,4.0,4.0,12.61263533808169,1st Place,1,True
Nelly,29,8.0,8.0,24.0,3,False,8.0,8.0,10.810830289784306,3rd Place,3,True
Nev Schulman,29,8.0,10.0,30.0,3,False,1.0,1.0,13.513537862230384,2nd Place,2,True
Skai Jackson,29,8.0,8.999933333333333,26.9998,3,False,7.0,7.0,12.16209398575493,Eliminated Week 10,5,True
AJ McLean,29,9.0,8.333266666666667,24.9998,3,False,6.0,6.0,12.953317941214266,Eliminated Week 9,7,True
Johnny Weir,29,9.0,10.0,30.0,3,False,1.0,1.0,15.544105882304176,Eliminated Week 10,6,True
Justina Machado,29,9.0,8.6666,25.9998,3,False,5.0,5.0,13.471454803957736,4th Place,4,True
Kaitlyn Bristowe,29,9.0,10.0,30.0,3,False,1.0,1.0,15.544105882304176,1st Place,1,True
Nelly,29,9.0,8.0,24.0,3,False,7.0,7.0,12.43528470584334,3rd Place,3,True
Nev Schulman,29,9.0,9.6666,28.9998,3,False,3.0,3.0,15.025865392188154,2nd Place,2,True
Skai Jackson,29,9.0,9.6666,28.9998,3,False,3.0,3.0,15.025865392188154,Eliminated Week 10,5,True
Johnny Weir,29,10.0,9.5,28.5,3,False,4.0,4.0,16.379310344827587,Eliminated Week 10,6,True
Justina Machado,29,10.0,9.666666666666666,29.0,3,False,3.0,3.0,16.666666666666664,4th Place,4,True
Kaitlyn Bristowe,29,10.0,10.0,30.0,3,False,1.0,1.0,17.24137931034483,1st Place,1,True
Nelly,29,10.0,9.333333333333334,28.0,3,False,6.0,6.0,16.091954022988507,3rd Place,3,True
Nev Schulman,29,10.0,10.0,30.0,3,False,1.0,1.0,17.24137931034483,2nd Place,2,True
Skai Jackson,29,10.0,9.5,28.5,3,False,4.0,4.0,16.379310344827587,Eliminated Week 10,5,True
Justina Machado,29,11.0,10.0,30.0,3,False,1.0,1.0,25.31645569620253,4th Place,4,True
Kaitlyn Bristowe,29,11.0,10.0,30.0,3,False,1.0,1.0,25.31645569620253,1st Place,1,True
Nelly,29,11.0,9.5,28.5,3,False,4.0,4.0,24.050632911392405,3rd Place,3,True
Nev Schulman,29,11.0,10.0,30.0,3,False,1.0,1.0,25.31645569620253,2nd Place,2,True
Amanda Kloots,30,1.0,7.0,28.0,4,False,2.0,2.0,7.650273224043716,4th Place,4,True
Brian Austin Green,30,1.0,6.0,24.0,4,False,9.0,9.0,6.557377049180328,Eliminated Week 4,13,True
Christine Chiu,30,1.0,6.25,25.0,4,False,7.0,7.0,6.830601092896176,Eliminated Week 3,14,True
Cody Rigsby,30,1.0,6.0,24.0,4,False,9.0,9.0,6.557377049180328,3rd Place,3,True
Iman Shumpert,30,1.0,5.25,21.0,4,False,14.0,14.0,5.737704918032787,1st Place,1,True
Jimmie Allen,30,1.0,5.5,22.0,4,False,13.0,13.0,6.0109289617486334,Eliminated Week 8,7,True
JoJo Siwa,30,1.0,7.25,29.0,4,False,1.0,1.0,7.923497267759563,2nd Place,2,True
Kenya Moore,30,1.0,6.5,26.0,4,False,5.0,5.0,7.103825136612022,Eliminated Week 6,10,True
Martin Kove,30,1.0,3.25,13.0,4,False,15.0,15.0,3.551912568306011,Eliminated Week 2,15,True
Matt James,30,1.0,6.0,24.0,4,False,9.0,9.0,6.557377049180328,Eliminated Week 4,12,True
Melanie C,30,1.0,6.75,27.0,4,False,4.0,4.0,7.377049180327869,Eliminated Week 5,11,True
Melora Hardin,30,1.0,6.5,26.0,4,False,5.0,5.0,7.103825136612022,Eliminated Week 9,6,True
"Mike ""The Miz"" Mizanin",30,1.0,6.0,24.0,4,False,9.0,9.0,6.557377049180328,Eliminated Week 7,9,True
Olivia Jade,30,1.0,6.25,25.0,4,False,7.0,7.0,6.830601092896176,Eliminated Week 8,8,True
Suni Lee,30,1.0,7.0,28.0,4,False,2.0,2.0,7.650273224043716,Eliminated Week 9,5,True
Amanda Kloots,30,2.0,8.0,32.0,4,False,1.0,1.0,8.311688311688311,4th Place,4,True
Brian Austin Green,30,2.0,5.75,23.0,4,False,13.0,13.0,5.974025974025974,Eliminated Week 4,13,True
Christine Chiu,30,2.0,6.0,24.0,4,False,10.0,10.0,6.233766233766234,Eliminated Week 3,14,True
Cody Rigsby,30,2.0,6.0,24.0,4,False,10.0,10.0,6.233766233766234,3rd Place,3,True
Iman Shumpert,30,2.0,6.25,25.0,4,False,9.0,9.0,6.493506493506493,1st Place,1,True
Jimmie Allen,30,2.0,6.75,27.0,4,False,5.0,5.0,7.012987012987012,Eliminated Week 8,7,True
JoJo Siwa,30,2.0,7.75,31.0,4,False,2.0,2.0,8.051948051948052,2nd Place,2,True
Kenya Moore,30,2.0,6.0,24.0,4,False,10.0,10.0,6.233766233766234,Eliminated Week 6,10,True
Martin Kove,30,2.0,3.75,15.0,4,False,15.0,15.0,3.896103896103896,Eliminated Week 2,15,True
Matt James,30,2.0,5.5,22.0,4,False,14.0,14.0,5.714285714285714,Eliminated Week 4,12,True
Melanie C,30,2.0,7.5,30.0,4,False,3.0,3.0,7.792207792207792,Eliminated Week 5,11,True
Melora Hardin,30,2.0,6.75,27.0,4,False,5.0,5.0,7.012987012987012,Eliminated Week 9,6,True
"Mike ""The Miz"" Mizanin",30,2.0,6.5,26.0,4,False,8.0,8.0,6.753246753246753,Eliminated Week 7,9,True
Olivia Jade,30,2.0,6.75,27.0,4,False,5.0,5.0,7.012987012987012,Eliminated Week 8,8,True
Suni Lee,30,2.0,7.0,28.0,4,False,4.0,4.0,7.272727272727272,Eliminated Week 9,5,True
Amanda Kloots,30,3.0,8.0,24.0,3,False,1.0,1.0,8.053691275167784,4th Place,4,True
Brian Austin Green,30,3.0,6.333333333333333,19.0,3,False,12.0,12.0,6.375838926174497,Eliminated Week 4,13,True
Christine Chiu,30,3.0,7.0,21.0,3,False,7.0,7.0,7.046979865771812,Eliminated Week 3,14,True
Cody Rigsby,30,3.0,6.0,18.0,3,False,14.0,14.0,6.04026845637584,3rd Place,3,True
Iman Shumpert,30,3.0,6.333333333333333,19.0,3,False,12.0,12.0,6.375838926174497,1st Place,1,True
Jimmie Allen,30,3.0,6.666666666666667,20.0,3,False,10.0,10.0,6.711409395973154,Eliminated Week 8,7,True
JoJo Siwa,30,3.0,8.0,24.0,3,False,1.0,1.0,8.053691275167784,2nd Place,2,True
Kenya Moore,30,3.0,7.0,21.0,3,False,7.0,7.0,7.046979865771812,Eliminated Week 6,10,True
Matt James,30,3.0,6.666666666666667,20.0,3,False,10.0,10.0,6.711409395973154,Eliminated Week 4,12,True
Melanie C,30,3.0,7.333333333333333,22.0,3,False,5.0,5.0,7.38255033557047,Eliminated Week 5,11,True
Melora Hardin,30,3.0,7.666666666666667,23.0,3,False,4.0,4.0,7.718120805369128,Eliminated Week 9,6,True
"Mike ""The Miz"" Mizanin",30,3.0,7.333333333333333,22.0,3,False,5.0,5.0,7.38255033557047,Eliminated Week 7,9,True
Olivia Jade,30,3.0,8.0,24.0,3,False,1.0,1.0,8.053691275167784,Eliminated Week 8,8,True
Suni Lee,30,3.0,7.0,21.0,3,False,7.0,7.0,7.046979865771812,Eliminated Week 9,5,True
Amanda Kloots,30,4.0,8.5,34.0,4,False,4.0,4.0,8.15347721822542,4th Place,4,True
Brian Austin Green,30,4.0,6.5,26.0,4,False,13.0,13.0,6.235011990407674,Eliminated Week 4,13,True
Cody Rigsby,30,4.0,7.25,29.0,4,False,11.0,11.0,6.954436450839328,3rd Place,3,True
Iman Shumpert,30,4.0,7.875,31.5,4,False,9.0,9.0,7.553956834532374,1st Place,1,True
Jimmie Allen,30,4.0,8.125,32.5,4,False,7.0,7.0,7.793764988009593,Eliminated Week 8,7,True
JoJo Siwa,30,4.0,8.75,35.0,4,False,2.0,2.0,8.393285371702639,2nd Place,2,True
Kenya Moore,30,4.0,7.375,29.5,4,False,10.0,10.0,7.074340527577938,Eliminated Week 6,10,True
Matt James,30,4.0,7.125,28.5,4,False,12.0,12.0,6.83453237410072,Eliminated Week 4,12,True
Melanie C,30,4.0,8.25,33.0,4,False,6.0,6.0,7.913669064748201,Eliminated Week 5,11,True
Melora Hardin,30,4.0,9.125,36.5,4,False,1.0,1.0,8.752997601918464,Eliminated Week 9,6,True
"Mike ""The Miz"" Mizanin",30,4.0,8.125,32.5,4,False,7.0,7.0,7.793764988009593,Eliminated Week 7,9,True
Olivia Jade,30,4.0,8.75,35.0,4,False,2.0,2.0,8.393285371702639,Eliminated Week 8,8,True
Suni Lee,30,4.0,8.5,34.0,4,False,4.0,4.0,8.15347721822542,Eliminated Week 9,5,True
Amanda Kloots,30,5.0,9.75,39.0,4,False,2.0,2.0,10.129870129870133,4th Place,4,True
Cody Rigsby,30,5.0,8.0,32.0,4,False,9.0,9.0,8.311688311688311,3rd Place,3,True
Iman Shumpert,30,5.0,7.0,28.0,4,False,11.0,11.0,7.272727272727272,1st Place,1,True
Jimmie Allen,30,5.0,8.5,34.0,4,False,8.0,8.0,8.831168831168831,Eliminated Week 8,7,True
JoJo Siwa,30,5.0,10.0,40.0,4,False,1.0,1.0,10.38961038961039,2nd Place,2,True
Kenya Moore,30,5.0,9.0,36.0,4,False,3.0,3.0,9.35064935064935,Eliminated Week 6,10,True
Melanie C,30,5.0,9.0,36.0,4,False,3.0,3.0,9.35064935064935,Eliminated Week 5,11,True
Melora Hardin,30,5.0,9.0,36.0,4,False,3.0,3.0,9.35064935064935,Eliminated Week 9,6,True
"Mike ""The Miz"" Mizanin",30,5.0,8.0,32.0,4,False,9.0,9.0,8.311688311688311,Eliminated Week 7,9,True
Olivia Jade,30,5.0,9.0,36.0,4,False,3.0,3.0,9.35064935064935,Eliminated Week 8,8,True
Suni Lee,30,5.0,9.0,36.0,4,False,3.0,3.0,9.35064935064935,Eliminated Week 9,5,True
Amanda Kloots,30,6.0,9.5,38.0,4,False,3.0,3.0,10.43956043956044,4th Place,4,True
Cody Rigsby,30,6.0,9.0,36.0,4,False,5.0,5.0,9.89010989010989,3rd Place,3,True
Iman Shumpert,30,6.0,10.0,40.0,4,False,1.0,1.0,10.989010989010987,1st Place,1,True
Jimmie Allen,30,6.0,9.5,38.0,4,False,3.0,3.0,10.43956043956044,Eliminated Week 8,7,True
JoJo Siwa,30,6.0,10.0,40.0,4,False,1.0,1.0,10.989010989010987,2nd Place,2,True
Kenya Moore,30,6.0,8.0,32.0,4,False,10.0,10.0,8.791208791208792,Eliminated Week 6,10,True
Melora Hardin,30,6.0,8.5,34.0,4,False,8.0,8.0,9.34065934065934,Eliminated Week 9,6,True
"Mike ""The Miz"" Mizanin",30,6.0,8.5,34.0,4,False,8.0,8.0,9.34065934065934,Eliminated Week 7,9,True
Olivia Jade,30,6.0,9.0,36.0,4,False,5.0,5.0,9.89010989010989,Eliminated Week 8,8,True
Suni Lee,30,6.0,9.0,36.0,4,False,5.0,5.0,9.89010989010989,Eliminated Week 9,5,True
Amanda Kloots,30,7.0,8.5,34.0,4,False,6.0,6.0,10.397553516819572,4th Place,4,True
Cody Rigsby,30,7.0,9.0,36.0,4,False,5.0,5.0,11.009174311926609,3rd Place,3,True
Iman Shumpert,30,7.0,8.5,34.0,4,False,6.0,6.0,10.397553516819572,1st Place,1,True
Jimmie Allen,30,7.0,9.5,38.0,4,False,3.0,3.0,11.62079510703364,Eliminated Week 8,7,True
JoJo Siwa,30,7.0,9.75,39.0,4,False,2.0,2.0,11.926605504587156,2nd Place,2,True
Melora Hardin,30,7.0,9.5,38.0,4,False,3.0,3.0,11.62079510703364,Eliminated Week 9,6,True
"Mike ""The Miz"" Mizanin",30,7.0,8.0,32.0,4,False,9.0,9.0,9.785932721712538,Eliminated Week 7,9,True
Olivia Jade,30,7.0,10.5,42.0,4,False,1.0,1.0,12.844036697247708,Eliminated Week 8,8,True
Suni Lee,30,7.0,8.5,34.0,4,False,6.0,6.0,10.397553516819572,Eliminated Week 9,5,True
Amanda Kloots,30,8.0,10.5,42.0,4,False,1.0,1.0,13.636363636363637,4th Place,4,True
Cody Rigsby,30,8.0,9.5,38.0,4,False,5.0,5.0,12.337662337662335,3rd Place,3,True
Iman Shumpert,30,8.0,8.75,35.0,4,False,7.0,7.0,11.363636363636363,1st Place,1,True
Jimmie Allen,30,8.0,8.0,32.0,4,False,8.0,8.0,10.38961038961039,Eliminated Week 8,7,True
JoJo Siwa,30,8.0,10.25,41.0,4,False,4.0,4.0,13.311688311688313,2nd Place,2,True
Melora Hardin,30,8.0,10.5,42.0,4,False,1.0,1.0,13.636363636363637,Eliminated Week 9,6,True
Olivia Jade,30,8.0,9.0,36.0,4,False,6.0,6.0,11.688311688311687,Eliminated Week 8,8,True
Suni Lee,30,8.0,10.5,42.0,4,False,1.0,1.0,13.636363636363637,Eliminated Week 9,5,True
Amanda Kloots,30,9.0,9.875,39.5,4,False,2.0,2.0,17.47787610619469,4th Place,4,True
Cody Rigsby,30,9.0,8.875,35.5,4,False,6.0,6.0,15.70796460176991,3rd Place,3,True
Iman Shumpert,30,9.0,9.375,37.5,4,False,3.0,3.0,16.5929203539823,1st Place,1,True
JoJo Siwa,30,9.0,10.0,40.0,4,False,1.0,1.0,17.699115044247787,2nd Place,2,True
Melora Hardin,30,9.0,9.0,36.0,4,False,5.0,5.0,15.929203539823009,Eliminated Week 9,6,True
Suni Lee,30,9.0,9.375,37.5,4,False,3.0,3.0,16.5929203539823,Eliminated Week 9,5,True
Amanda Kloots,30,10.0,9.75,39.0,4,False,3.0,3.0,24.840764331210192,4th Place,4,True
Cody Rigsby,30,10.0,9.5,38.0,4,False,4.0,4.0,24.203821656050955,3rd Place,3,True
Iman Shumpert,30,10.0,10.0,40.0,4,False,1.0,1.0,25.477707006369428,1st Place,1,True
JoJo Siwa,30,10.0,10.0,40.0,4,False,1.0,1.0,25.477707006369428,2nd Place,2,True
Charli D'Amelio,31,1.0,8.0,32.0,4,False,1.0,1.0,8.37696335078534,1st Place,1,True
Cheryl Ladd,31,1.0,5.25,21.0,4,False,10.0,10.0,5.49738219895288,Eliminated Week 3,14,True
Daniel Durant,31,1.0,6.75,27.0,4,False,6.0,6.0,7.068062827225131,Eliminated Week 9,5,True
Gabby Windey,31,1.0,7.0,28.0,4,False,3.0,3.0,7.329842931937172,2nd Place,2,True
Heidi D'Amelio,31,1.0,6.0,24.0,4,False,8.0,8.0,6.282722513089005,Eliminated Week 8,8,True
Jason Lewis,31,1.0,4.5,18.0,4,False,15.0,15.0,4.712041884816754,Eliminated Week 1,16,True
Jessie James Decker,31,1.0,5.0,20.0,4,False,12.0,12.0,5.235602094240837,Eliminated Week 6,10,True
Jordin Sparks,31,1.0,6.5,26.0,4,False,7.0,7.0,6.806282722513089,Eliminated Week 7,9,True
Joseph Baena,31,1.0,5.75,23.0,4,False,9.0,9.0,6.020942408376963,Eliminated Week 5,11,True
Sam Champion,31,1.0,5.0,20.0,4,False,12.0,12.0,5.235602094240837,Eliminated Week 4,13,True
Selma Blair,31,1.0,7.0,28.0,4,False,3.0,3.0,7.329842931937172,Withdrew,12,True
Shangela,31,1.0,7.0,28.0,4,False,3.0,3.0,7.329842931937172,4th Place,4,True
Teresa Giudice,31,1.0,5.0,20.0,4,False,12.0,12.0,5.235602094240837,Eliminated Week 2,15,True
Trevor Donovan,31,1.0,5.25,21.0,4,False,10.0,10.0,5.49738219895288,Eliminated Week 9,6,True
Vinny Guadagnino,31,1.0,4.25,17.0,4,False,16.0,16.0,4.450261780104712,Eliminated Week 8,7,True
Wayne Brady,31,1.0,7.25,29.0,4,False,2.0,2.0,7.591623036649215,3rd Place,3,True
Charli D'Amelio,31,2.0,8.0,32.0,4,False,1.0,1.0,7.766990291262135,1st Place,1,True
Cheryl Ladd,31,2.0,5.25,21.0,4,False,15.0,15.0,5.097087378640777,Eliminated Week 3,14,True
Daniel Durant,31,2.0,7.25,29.0,4,False,5.0,5.0,7.038834951456311,Eliminated Week 9,5,True
Gabby Windey,31,2.0,8.0,32.0,4,False,1.0,1.0,7.766990291262135,2nd Place,2,True
Heidi D'Amelio,31,2.0,7.0,28.0,4,False,6.0,6.0,6.796116504854369,Eliminated Week 8,8,True
Jessie James Decker,31,2.0,6.25,25.0,4,False,12.0,12.0,6.067961165048544,Eliminated Week 6,10,True
Jordin Sparks,31,2.0,6.75,27.0,4,False,9.0,9.0,6.553398058252427,Eliminated Week 7,9,True
Joseph Baena,31,2.0,6.0,24.0,4,False,13.0,13.0,5.825242718446602,Eliminated Week 5,11,True
Sam Champion,31,2.0,6.5,26.0,4,False,11.0,11.0,6.310679611650485,Eliminated Week 4,13,True
Selma Blair,31,2.0,7.0,28.0,4,False,6.0,6.0,6.796116504854369,Withdrew,12,True
Shangela,31,2.0,7.0,28.0,4,False,6.0,6.0,6.796116504854369,4th Place,4,True
Teresa Giudice,31,2.0,5.75,23.0,4,False,14.0,14.0,5.582524271844661,Eliminated Week 2,15,True
Trevor Donovan,31,2.0,7.5,30.0,4,False,4.0,4.0,7.281553398058252,Eliminated Week 9,6,True
Vinny Guadagnino,31,2.0,6.75,27.0,4,False,9.0,9.0,6.553398058252427,Eliminated Week 8,7,True
Wayne Brady,31,2.0,8.0,32.0,4,False,1.0,1.0,7.766990291262135,3rd Place,3,True
Charli D'Amelio,31,3.0,8.25,33.0,4,False,1.0,1.0,8.188585607940446,1st Place,1,True
Cheryl Ladd,31,3.0,6.0,24.0,4,False,13.0,13.0,5.955334987593052,Eliminated Week 3,14,True
Daniel Durant,31,3.0,7.75,31.0,4,False,5.0,5.0,7.6923076923076925,Eliminated Week 9,5,True
Gabby Windey,31,3.0,8.25,33.0,4,False,1.0,1.0,8.188585607940446,2nd Place,2,True
Heidi D'Amelio,31,3.0,8.0,32.0,4,False,4.0,4.0,7.94044665012407,Eliminated Week 8,8,True
Jessie James Decker,31,3.0,6.5,26.0,4,False,11.0,11.0,6.451612903225806,Eliminated Week 6,10,True
Jordin Sparks,31,3.0,7.25,29.0,4,False,7.0,7.0,7.196029776674938,Eliminated Week 7,9,True
Joseph Baena,31,3.0,7.25,29.0,4,False,7.0,7.0,7.196029776674938,Eliminated Week 5,11,True
Sam Champion,31,3.0,6.25,25.0,4,False,12.0,12.0,6.20347394540943,Eliminated Week 4,13,True
Selma Blair,31,3.0,7.0,28.0,4,False,9.0,9.0,6.9478908188585615,Withdrew,12,True
Shangela,31,3.0,7.5,30.0,4,False,6.0,6.0,7.444168734491314,4th Place,4,True
Trevor Donovan,31,3.0,6.75,27.0,4,False,10.0,10.0,6.699751861042183,Eliminated Week 9,6,True
Vinny Guadagnino,31,3.0,5.75,23.0,4,False,14.0,14.0,5.707196029776675,Eliminated Week 8,7,True
Wayne Brady,31,3.0,8.25,33.0,4,False,1.0,1.0,8.188585607940446,3rd Place,3,True
Charli D'Amelio,31,4.0,9.0,36.0,4,False,1.0,1.0,8.780487804878048,1st Place,1,True
Daniel Durant,31,4.0,7.25,29.0,4,False,9.0,9.0,7.073170731707316,Eliminated Week 9,5,True
Gabby Windey,31,4.0,9.0,36.0,4,False,1.0,1.0,8.780487804878048,2nd Place,2,True
Heidi D'Amelio,31,4.0,8.5,34.0,4,False,4.0,4.0,8.292682926829269,Eliminated Week 8,8,True
Jessie James Decker,31,4.0,7.75,31.0,4,False,8.0,8.0,7.560975609756097,Eliminated Week 6,10,True
Jordin Sparks,31,4.0,8.5,34.0,4,False,4.0,4.0,8.292682926829269,Eliminated Week 7,9,True
Joseph Baena,31,4.0,7.0,28.0,4,False,11.0,11.0,6.829268292682928,Eliminated Week 5,11,True
Sam Champion,31,4.0,6.25,25.0,4,False,13.0,13.0,6.097560975609756,Eliminated Week 4,13,True
Selma Blair,31,4.0,8.0,32.0,4,False,6.0,6.0,7.804878048780488,Withdrew,12,True
Shangela,31,4.0,8.0,32.0,4,False,6.0,6.0,7.804878048780488,4th Place,4,True
Trevor Donovan,31,4.0,7.0,28.0,4,False,11.0,11.0,6.829268292682928,Eliminated Week 9,6,True
Vinny Guadagnino,31,4.0,7.25,29.0,4,False,9.0,9.0,7.073170731707316,Eliminated Week 8,7,True
Wayne Brady,31,4.0,9.0,36.0,4,False,1.0,1.0,8.780487804878048,3rd Place,3,True
Charli D'Amelio,31,5.0,10.5,42.0,4,False,1.0,1.0,9.364548494983277,1st Place,1,True
Daniel Durant,31,5.0,8.375,33.5,4,False,11.0,11.0,7.469342251950947,Eliminated Week 9,5,True
Gabby Windey,31,5.0,10.25,41.0,4,False,2.0,2.0,9.141583054626532,2nd Place,2,True
Heidi D'Amelio,31,5.0,9.75,39.0,4,False,5.0,5.0,8.695652173913043,Eliminated Week 8,8,True
Jessie James Decker,31,5.0,9.0,36.0,4,False,7.0,7.0,8.02675585284281,Eliminated Week 6,10,True
Jordin Sparks,31,5.0,8.875,35.5,4,False,9.0,9.0,7.915273132664437,Eliminated Week 7,9,True
Joseph Baena,31,5.0,8.75,35.0,4,False,10.0,10.0,7.803790412486064,Eliminated Week 5,11,True
Selma Blair,31,5.0,10.0,40.0,4,False,4.0,4.0,8.918617614269788,Withdrew,12,True
Shangela,31,5.0,9.625,38.5,4,False,6.0,6.0,8.58416945373467,4th Place,4,True
Trevor Donovan,31,5.0,9.0,36.0,4,False,7.0,7.0,8.02675585284281,Eliminated Week 9,6,True
Vinny Guadagnino,31,5.0,7.75,31.0,4,False,12.0,12.0,6.911928651059086,Eliminated Week 8,7,True
Wayne Brady,31,5.0,10.25,41.0,4,False,2.0,2.0,9.141583054626532,3rd Place,3,True
Charli D'Amelio,31,6.0,10.0,40.0,4,False,1.0,1.0,11.594202898550725,1st Place,1,True
Daniel Durant,31,6.0,8.5,34.0,4,False,5.0,5.0,9.855072463768115,Eliminated Week 9,5,True
Gabby Windey,31,6.0,9.25,37.0,4,False,2.0,2.0,10.72463768115942,2nd Place,2,True
Heidi D'Amelio,31,6.0,9.0,36.0,4,False,3.0,3.0,10.434782608695652,Eliminated Week 8,8,True
Jessie James Decker,31,6.0,8.0,32.0,4,False,9.0,9.0,9.27536231884058,Eliminated Week 6,10,True
Jordin Sparks,31,6.0,8.5,34.0,4,False,5.0,5.0,9.855072463768115,Eliminated Week 7,9,True
Shangela,31,6.0,9.0,36.0,4,False,3.0,3.0,10.434782608695652,4th Place,4,True
Trevor Donovan,31,6.0,8.5,34.0,4,False,5.0,5.0,9.855072463768115,Eliminated Week 9,6,True
Vinny Guadagnino,31,6.0,7.0,28.0,4,False,10.0,10.0,8.115942028985506,Eliminated Week 8,7,True
Wayne Brady,31,6.0,8.5,34.0,4,False,5.0,5.0,9.855072463768115,3rd Place,3,True
Charli D'Amelio,31,7.0,9.75,39.0,4,False,1.0,1.0,11.981566820276496,1st Place,1,True
Daniel Durant,31,7.0,9.125,36.5,4,False,4.0,4.0,11.213517665130569,Eliminated Week 9,5,True
Gabby Windey,31,7.0,8.875,35.5,4,False,6.0,6.0,10.906298003072196,2nd Place,2,True
Heidi D'Amelio,31,7.0,8.75,35.0,4,False,7.0,7.0,10.75268817204301,Eliminated Week 8,8,True
Jordin Sparks,31,7.0,8.625,34.5,4,False,8.0,8.0,10.599078341013826,Eliminated Week 7,9,True
Shangela,31,7.0,9.125,36.5,4,False,4.0,4.0,11.213517665130569,4th Place,4,True
Trevor Donovan,31,7.0,9.75,39.0,4,False,1.0,1.0,11.981566820276496,Eliminated Week 9,6,True
Vinny Guadagnino,31,7.0,7.875,31.5,4,False,9.0,9.0,9.67741935483871,Eliminated Week 8,7,True
Wayne Brady,31,7.0,9.5,38.0,4,False,3.0,3.0,11.674347158218126,3rd Place,3,True
Charli D'Amelio,31,8.0,11.25,45.0,4,False,1.0,1.0,14.331210191082802,1st Place,1,True
Daniel Durant,31,8.0,9.75,39.0,4,False,5.0,5.0,12.420382165605096,Eliminated Week 9,5,True
Gabby Windey,31,8.0,10.0,40.0,4,False,4.0,4.0,12.738853503184714,2nd Place,2,True
Heidi D'Amelio,31,8.0,8.75,35.0,4,False,7.0,7.0,11.146496815286625,Eliminated Week 8,8,True
Shangela,31,8.0,10.5,42.0,4,False,3.0,3.0,13.375796178343949,4th Place,4,True
Trevor Donovan,31,8.0,9.75,39.0,4,False,5.0,5.0,12.420382165605096,Eliminated Week 9,6,True
Vinny Guadagnino,31,8.0,7.25,29.0,4,False,8.0,8.0,9.235668789808916,Eliminated Week 8,7,True
Wayne Brady,31,8.0,11.25,45.0,4,False,1.0,1.0,14.331210191082802,3rd Place,3,True
Charli D'Amelio,31,9.0,10.0,40.0,4,False,1.0,1.0,18.181818181818183,1st Place,1,True
Daniel Durant,31,9.0,8.625,34.5,4,False,5.0,5.0,15.681818181818183,Eliminated Week 9,5,True
Gabby Windey,31,9.0,10.0,40.0,4,False,1.0,1.0,18.181818181818183,2nd Place,2,True
Shangela,31,9.0,9.125,36.5,4,False,3.0,3.0,16.590909090909093,4th Place,4,True
Trevor Donovan,31,9.0,8.125,32.5,4,False,6.0,6.0,14.772727272727272,Eliminated Week 9,6,True
Wayne Brady,31,9.0,9.125,36.5,4,False,3.0,3.0,16.590909090909093,3rd Place,3,True
Charli D'Amelio,31,10.0,10.0,40.0,4,False,1.0,1.0,25.64102564102564,1st Place,1,True
Gabby Windey,31,10.0,10.0,40.0,4,False,1.0,1.0,25.64102564102564,2nd Place,2,True
Shangela,31,10.0,9.5,38.0,4,False,3.0,3.0,24.35897435897436,4th Place,4,True
Wayne Brady,31,10.0,9.5,38.0,4,False,3.0,3.0,24.35897435897436,3rd Place,3,True
Adrian Peterson,32,1.0,6.0,18.0,3,False,5.0,5.0,7.792207792207792,Eliminated Week 4,11,True
Alyson Hannigan,32,1.0,4.333333333333333,13.0,3,False,11.0,11.0,5.627705627705628,5th Place,5,True
Ariana Madix,32,1.0,7.0,21.0,3,False,2.0,2.0,9.090909090909092,3rd Place,3,True
Barry Williams,32,1.0,5.333333333333333,16.0,3,False,8.0,8.0,6.926406926406926,Eliminated Week 8,7,True
Charity Lawson,32,1.0,7.333333333333333,22.0,3,False,1.0,1.0,9.523809523809524,4th Place,4,True
Harry Jowsey,32,1.0,4.0,12.0,3,False,12.0,12.0,5.194805194805195,Eliminated Week 9,6,True
Jamie Lynn Spears,32,1.0,5.0,15.0,3,False,9.0,9.0,6.493506493506493,Eliminated Week 2,13,True
Jason Mraz,32,1.0,7.0,21.0,3,False,2.0,2.0,9.090909090909092,2nd Place,2,True
Lele Pons,32,1.0,6.333333333333333,19.0,3,False,4.0,4.0,8.225108225108226,Eliminated Week 7,8,True
Matt Walsh,32,1.0,4.0,12.0,3,False,12.0,12.0,5.194805194805195,Eliminated Week 1,14,True
Mauricio Umansky,32,1.0,5.0,15.0,3,False,9.0,9.0,6.493506493506493,Eliminated Week 6,9,True
Mira Sorvino,32,1.0,5.666666666666667,17.0,3,False,7.0,7.0,7.35930735930736,Eliminated Week 5,10,True
Tyson Beckford,32,1.0,4.0,12.0,3,False,12.0,12.0,5.194805194805195,Eliminated Week 3,12,True
Xochitl Gomez,32,1.0,6.0,18.0,3,False,5.0,5.0,7.792207792207792,1st Place,1,True
Adrian Peterson,32,2.0,5.0,15.0,3,False,10.0,10.0,6.302521008403361,Eliminated Week 4,11,True
Alyson Hannigan,32,2.0,6.333333333333333,19.0,3,False,6.0,6.0,7.9831932773109235,5th Place,5,True
Ariana Madix,32,2.0,6.666666666666667,20.0,3,False,5.0,5.0,8.403361344537815,3rd Place,3,True
Barry Williams,32,2.0,5.0,15.0,3,False,10.0,10.0,6.302521008403361,Eliminated Week 8,7,True
Charity Lawson,32,2.0,7.0,21.0,3,False,3.0,3.0,8.823529411764707,4th Place,4,True
Harry Jowsey,32,2.0,5.0,15.0,3,False,10.0,10.0,6.302521008403361,Eliminated Week 9,6,True
Jamie Lynn Spears,32,2.0,5.333333333333333,16.0,3,False,9.0,9.0,6.722689075630252,Eliminated Week 2,13,True
Jason Mraz,32,2.0,8.0,24.0,3,False,1.0,1.0,10.084033613445378,2nd Place,2,True
Lele Pons,32,2.0,7.0,21.0,3,False,3.0,3.0,8.823529411764707,Eliminated Week 7,8,True
Mauricio Umansky,32,2.0,4.0,12.0,3,False,13.0,13.0,5.042016806722689,Eliminated Week 6,9,True
Mira Sorvino,32,2.0,6.0,18.0,3,False,7.0,7.0,7.563025210084033,Eliminated Week 5,10,True
Tyson Beckford,32,2.0,6.0,18.0,3,False,7.0,7.0,7.563025210084033,Eliminated Week 3,12,True
Xochitl Gomez,32,2.0,8.0,24.0,3,False,1.0,1.0,10.084033613445378,1st Place,1,True
Adrian Peterson,32,3.0,5.5,22.0,4,False,11.0,11.0,6.811145510835913,Eliminated Week 4,11,True
Alyson Hannigan,32,3.0,6.0,24.0,4,False,8.0,8.0,7.430340557275541,5th Place,5,True
Ariana Madix,32,3.0,8.5,34.0,4,False,1.0,1.0,10.526315789473683,3rd Place,3,True
Barry Williams,32,3.0,6.25,25.0,4,False,7.0,7.0,7.739938080495357,Eliminated Week 8,7,True
Charity Lawson,32,3.0,8.0,32.0,4,False,3.0,3.0,9.907120743034056,4th Place,4,True
Harry Jowsey,32,3.0,6.0,24.0,4,False,8.0,8.0,7.430340557275541,Eliminated Week 9,6,True
Jason Mraz,32,3.0,8.5,34.0,4,False,1.0,1.0,10.526315789473683,2nd Place,2,True
Lele Pons,32,3.0,6.75,27.0,4,False,5.0,5.0,8.359133126934983,Eliminated Week 7,8,True
Mauricio Umansky,32,3.0,5.75,23.0,4,False,10.0,10.0,7.120743034055728,Eliminated Week 6,9,True
Mira Sorvino,32,3.0,6.5,26.0,4,False,6.0,6.0,8.04953560371517,Eliminated Week 5,10,True
Tyson Beckford,32,3.0,5.0,20.0,4,False,12.0,12.0,6.191950464396285,Eliminated Week 3,12,True
Xochitl Gomez,32,3.0,8.0,32.0,4,False,3.0,3.0,9.907120743034056,1st Place,1,True
Adrian Peterson,32,4.0,7.0,21.0,3,False,6.0,6.0,8.75,Eliminated Week 4,11,True
Alyson Hannigan,32,4.0,6.0,18.0,3,False,10.0,10.0,7.5,5th Place,5,True
Ariana Madix,32,4.0,8.333333333333334,25.0,3,False,2.0,2.0,10.416666666666668,3rd Place,3,True
Barry Williams,32,4.0,6.0,18.0,3,False,10.0,10.0,7.5,Eliminated Week 8,7,True
Charity Lawson,32,4.0,8.0,24.0,3,False,3.0,3.0,10.0,4th Place,4,True
Harry Jowsey,32,4.0,7.0,21.0,3,False,6.0,6.0,8.75,Eliminated Week 9,6,True
Jason Mraz,32,4.0,8.0,24.0,3,False,3.0,3.0,10.0,2nd Place,2,True
Lele Pons,32,4.0,7.333333333333333,22.0,3,False,5.0,5.0,9.166666666666666,Eliminated Week 7,8,True
Mauricio Umansky,32,4.0,6.333333333333333,19.0,3,False,9.0,9.0,7.916666666666666,Eliminated Week 6,9,True
Mira Sorvino,32,4.0,7.0,21.0,3,False,6.0,6.0,8.75,Eliminated Week 5,10,True
Xochitl Gomez,32,4.0,9.0,27.0,3,False,1.0,1.0,11.25,1st Place,1,True
Alyson Hannigan,32,5.0,7.0,21.0,3,False,9.0,9.0,8.75,5th Place,5,True
Ariana Madix,32,5.0,8.0,24.0,3,False,4.0,4.0,10.0,3rd Place,3,True
Barry Williams,32,5.0,8.0,24.0,3,False,4.0,4.0,10.0,Eliminated Week 8,7,True
Charity Lawson,32,5.0,9.333333333333334,28.0,3,False,1.0,1.0,11.666666666666666,4th Place,4,True
Harry Jowsey,32,5.0,6.0,18.0,3,False,10.0,10.0,7.5,Eliminated Week 9,6,True
Jason Mraz,32,5.0,9.0,27.0,3,False,3.0,3.0,11.25,2nd Place,2,True
Lele Pons,32,5.0,8.0,24.0,3,False,4.0,4.0,10.0,Eliminated Week 7,8,True
Mauricio Umansky,32,5.0,8.0,24.0,3,False,4.0,4.0,10.0,Eliminated Week 6,9,True
Mira Sorvino,32,5.0,7.333333333333333,22.0,3,False,8.0,8.0,9.166666666666666,Eliminated Week 5,10,True
Xochitl Gomez,32,5.0,9.333333333333334,28.0,3,False,1.0,1.0,11.666666666666666,1st Place,1,True
Alyson Hannigan,32,6.0,7.75,31.0,4,False,8.0,8.0,9.627329192546584,5th Place,5,False
Ariana Madix,32,6.0,10.25,41.0,4,False,2.0,2.0,12.732919254658384,3rd Place,3,False
Barry Williams,32,6.0,8.0,32.0,4,False,7.0,7.0,9.937888198757763,Eliminated Week 8,7,False
Charity Lawson,32,6.0,9.5,38.0,4,False,4.0,4.0,11.801242236024844,4th Place,4,False
Harry Jowsey,32,6.0,7.25,29.0,4,False,9.0,9.0,9.006211180124224,Eliminated Week 9,6,False
Jason Mraz,32,6.0,9.75,39.0,4,False,3.0,3.0,12.111801242236025,2nd Place,2,False
Lele Pons,32,6.0,9.25,37.0,4,False,5.0,5.0,11.490683229813664,Eliminated Week 7,8,False
Mauricio Umansky,32,6.0,8.25,33.0,4,False,6.0,6.0,10.248447204968944,Eliminated Week 6,9,False
Xochitl Gomez,32,6.0,10.5,42.0,4,False,1.0,1.0,13.043478260869565,1st Place,1,False
Alyson Hannigan,32,7.0,8.75,35.0,4,False,6.0,6.0,12.411347517730496,5th Place,5,True
Ariana Madix,32,7.0,9.25,37.0,4,False,1.0,1.0,13.120567375886525,3rd Place,3,True
Barry Williams,32,7.0,8.125,32.5,4,False,7.0,7.0,11.52482269503546,Eliminated Week 8,7,True
Charity Lawson,32,7.0,9.0,36.0,4,False,4.0,4.0,12.76595744680851,4th Place,4,True
Harry Jowsey,32,7.0,8.0,32.0,4,False,8.0,8.0,11.347517730496454,Eliminated Week 9,6,True
Jason Mraz,32,7.0,9.0,36.0,4,False,4.0,4.0,12.76595744680851,2nd Place,2,True
Lele Pons,32,7.0,9.125,36.5,4,False,3.0,3.0,12.943262411347517,Eliminated Week 7,8,True
Xochitl Gomez,32,7.0,9.25,37.0,4,False,1.0,1.0,13.120567375886525,1st Place,1,True
Alyson Hannigan,32,8.0,9.0,36.0,4,False,4.0,4.0,14.229249011857709,5th Place,5,False
Ariana Madix,32,8.0,10.5,42.0,4,False,1.0,1.0,16.600790513833992,3rd Place,3,False
Barry Williams,32,8.0,8.75,35.0,4,False,5.0,5.0,13.83399209486166,Eliminated Week 8,7,False
Charity Lawson,32,8.0,9.75,39.0,4,False,3.0,3.0,15.41501976284585,4th Place,4,False
Harry Jowsey,32,8.0,7.0,28.0,4,False,7.0,7.0,11.067193675889328,Eliminated Week 9,6,False
Jason Mraz,32,8.0,8.25,33.0,4,False,6.0,6.0,13.043478260869565,2nd Place,2,False
Xochitl Gomez,32,8.0,10.0,40.0,4,False,2.0,2.0,15.810276679841898,1st Place,1,False
Alyson Hannigan,32,9.0,8.0,32.0,4,False,5.0,5.0,14.479638009049776,5th Place,5,False
Ariana Madix,32,9.0,9.25,37.0,4,False,4.0,4.0,16.7420814479638,3rd Place,3,False
Charity Lawson,32,9.0,9.5,38.0,4,False,3.0,3.0,17.194570135746606,4th Place,4,False
Harry Jowsey,32,9.0,7.5,30.0,4,False,6.0,6.0,13.574660633484164,Eliminated Week 9,6,False
Jason Mraz,32,9.0,10.75,43.0,4,False,1.0,1.0,19.457013574660635,2nd Place,2,False
Xochitl Gomez,32,9.0,10.25,41.0,4,False,2.0,2.0,18.552036199095024,1st Place,1,False
Alyson Hannigan,32,10.0,8.5,25.5,3,False,5.0,5.0,17.894736842105264,5th Place,5,False
Ariana Madix,32,10.0,9.666666666666666,29.0,3,False,3.0,3.0,20.350877192982452,3rd Place,3,False
Charity Lawson,32,10.0,9.833333333333334,29.5,3,False,2.0,2.0,20.701754385964914,4th Place,4,False
Jason Mraz,32,10.0,9.5,28.5,3,False,4.0,4.0,20.0,2nd Place,2,False
Xochitl Gomez,32,10.0,10.0,30.0,3,False,1.0,1.0,21.052631578947366,1st Place,1,False
Alyson Hannigan,32,11.0,8.833333333333334,26.5,3,False,5.0,5.0,18.213058419243985,5th Place,5,True
Ariana Madix,32,11.0,9.833333333333334,29.5,3,False,3.0,3.0,20.27491408934708,3rd Place,3,True
Charity Lawson,32,11.0,9.833333333333334,29.5,3,False,3.0,3.0,20.27491408934708,4th Place,4,True
Jason Mraz,32,11.0,10.0,30.0,3,False,1.0,1.0,20.61855670103093,2nd Place,2,True
Xochitl Gomez,32,11.0,10.0,30.0,3,False,1.0,1.0,20.61855670103093,1st Place,1,True
Anna Delvey,33,1.0,6.0,18.0,3,False,8.0,8.0,7.28744939271255,Eliminated Week 2,12,True
Brooks Nader,33,1.0,6.0,18.0,3,False,8.0,8.0,7.28744939271255,Eliminated Week 4,9,True
Chandler Kinney,33,1.0,7.666666666666667,23.0,3,False,1.0,1.0,9.31174089068826,3rd Place,3,True
Danny Amendola,33,1.0,6.666666666666667,20.0,3,False,5.0,5.0,8.097165991902834,5th Place,5,True
Dwight Howard,33,1.0,7.333333333333333,22.0,3,False,2.0,2.0,8.906882591093117,Eliminated Week 7,6,True
Eric Roberts,33,1.0,5.0,15.0,3,False,13.0,13.0,6.0728744939271255,Eliminated Week 3,10,True
Ilona Maher,33,1.0,6.0,18.0,3,False,8.0,8.0,7.28744939271255,2nd Place,2,True
Jenn Tran,33,1.0,6.333333333333333,19.0,3,False,6.0,6.0,7.6923076923076925,Eliminated Week 6,7,True
Joey Graziadei,33,1.0,7.0,21.0,3,False,3.0,3.0,8.502024291497975,1st Place,1,True
Phaedra Parks,33,1.0,6.333333333333333,19.0,3,False,6.0,6.0,7.6923076923076925,Eliminated Week 5,8,True
Reginald VelJohnson,33,1.0,5.333333333333333,16.0,3,False,12.0,12.0,6.477732793522267,Eliminated Week 3,10,True
Stephen Nedoroscik,33,1.0,7.0,21.0,3,False,3.0,3.0,8.502024291497975,4th Place,4,True
Tori Spelling,33,1.0,5.666666666666667,17.0,3,False,11.0,11.0,6.882591093117409,Eliminated Week 2,12,True
Anna Delvey,33,2.0,5.666666666666667,17.0,3,False,11.0,11.0,6.5891472868217065,Eliminated Week 2,12,True
Brooks Nader,33,2.0,6.666666666666667,20.0,3,False,8.0,8.0,7.751937984496124,Eliminated Week 4,9,True
Chandler Kinney,33,2.0,8.0,24.0,3,False,1.0,1.0,9.30232558139535,3rd Place,3,True
Danny Amendola,33,2.0,7.0,21.0,3,False,5.0,5.0,8.13953488372093,5th Place,5,True
Dwight Howard,33,2.0,7.333333333333333,22.0,3,False,2.0,2.0,8.527131782945736,Eliminated Week 7,6,True
Eric Roberts,33,2.0,5.0,15.0,3,False,12.0,12.0,5.813953488372093,Eliminated Week 3,10,True
Ilona Maher,33,2.0,7.0,21.0,3,False,5.0,5.0,8.13953488372093,2nd Place,2,True
Jenn Tran,33,2.0,6.333333333333333,19.0,3,False,9.0,9.0,7.3643410852713185,Eliminated Week 6,7,True
Joey Graziadei,33,2.0,7.333333333333333,22.0,3,False,2.0,2.0,8.527131782945736,1st Place,1,True
Phaedra Parks,33,2.0,7.0,21.0,3,False,5.0,5.0,8.13953488372093,Eliminated Week 5,8,True
Reginald VelJohnson,33,2.0,5.0,15.0,3,False,12.0,12.0,5.813953488372093,Eliminated Week 3,10,True
Stephen Nedoroscik,33,2.0,7.333333333333333,22.0,3,False,2.0,2.0,8.527131782945736,4th Place,4,True
Tori Spelling,33,2.0,6.333333333333333,19.0,3,False,9.0,9.0,7.3643410852713185,Eliminated Week 2,12,True
Brooks Nader,33,3.0,7.625,30.5,4,False,5.0,5.0,9.59119496855346,Eliminated Week 4,9,True
Chandler Kinney,33,3.0,8.625,34.5,4,False,2.0,2.0,10.849056603773583,3rd Place,3,True
Danny Amendola,33,3.0,7.5,30.0,4,False,6.0,6.0,9.433962264150944,5th Place,5,True
Dwight Howard,33,3.0,6.5,26.0,4,False,9.0,9.0,8.176100628930817,Eliminated Week 7,6,True
Eric Roberts,33,3.0,5.75,23.0,4,False,10.0,10.0,7.232704402515723,Eliminated Week 3,10,True
Ilona Maher,33,3.0,7.0,28.0,4,False,7.0,7.0,8.80503144654088,2nd Place,2,True
Jenn Tran,33,3.0,7.75,31.0,4,False,3.0,3.0,9.748427672955977,Eliminated Week 6,7,True
Joey Graziadei,33,3.0,8.75,35.0,4,False,1.0,1.0,11.0062893081761,1st Place,1,True
Phaedra Parks,33,3.0,7.0,28.0,4,False,7.0,7.0,8.80503144654088,Eliminated Week 5,8,True
Reginald VelJohnson,33,3.0,5.25,21.0,4,False,11.0,11.0,6.60377358490566,Eliminated Week 3,10,True
Stephen Nedoroscik,33,3.0,7.75,31.0,4,False,3.0,3.0,9.748427672955977,4th Place,4,True
Brooks Nader,33,4.0,8.0,32.0,4,False,4.0,4.0,10.884353741496598,Eliminated Week 4,9,True
Chandler Kinney,33,4.0,8.0,32.0,4,False,4.0,4.0,10.884353741496598,3rd Place,3,True
Danny Amendola,33,4.0,9.0,36.0,4,False,1.0,1.0,12.244897959183673,5th Place,5,True
Dwight Howard,33,4.0,7.25,29.0,4,False,9.0,9.0,9.863945578231291,Eliminated Week 7,6,True
Ilona Maher,33,4.0,8.0,32.0,4,False,4.0,4.0,10.884353741496598,2nd Place,2,True
Jenn Tran,33,4.0,8.0,32.0,4,False,4.0,4.0,10.884353741496598,Eliminated Week 6,7,True
Joey Graziadei,33,4.0,9.0,36.0,4,False,1.0,1.0,12.244897959183673,1st Place,1,True
Phaedra Parks,33,4.0,8.0,32.0,4,False,4.0,4.0,10.884353741496598,Eliminated Week 5,8,True
Stephen Nedoroscik,33,4.0,8.25,33.0,4,False,3.0,3.0,11.224489795918368,4th Place,4,True
Chandler Kinney,33,5.0,9.0,27.0,3,False,1.0,1.0,13.366336633663368,3rd Place,3,True
Danny Amendola,33,5.0,8.5,25.5,3,False,4.0,4.0,12.623762376237623,5th Place,5,True
Dwight Howard,33,5.0,8.0,24.0,3,False,6.0,6.0,11.88118811881188,Eliminated Week 7,6,True
Ilona Maher,33,5.0,8.666666666666666,26.0,3,False,2.0,2.0,12.871287128712872,2nd Place,2,True
Jenn Tran,33,5.0,8.5,25.5,3,False,4.0,4.0,12.623762376237623,Eliminated Week 6,7,True
Joey Graziadei,33,5.0,8.666666666666666,26.0,3,False,2.0,2.0,12.871287128712872,1st Place,1,True
Phaedra Parks,33,5.0,8.0,24.0,3,False,6.0,6.0,11.88118811881188,Eliminated Week 5,8,True
Stephen Nedoroscik,33,5.0,8.0,24.0,3,False,6.0,6.0,11.88118811881188,4th Place,4,True
Chandler Kinney,33,6.0,10.666666666666666,32.0,3,False,1.0,1.0,15.53398058252427,3rd Place,3,True
Danny Amendola,33,6.0,9.333333333333334,28.0,3,False,5.0,5.0,13.592233009708735,5th Place,5,True
Dwight Howard,33,6.0,10.333333333333334,31.0,3,False,3.0,3.0,15.048543689320388,Eliminated Week 7,6,True
Ilona Maher,33,6.0,8.0,24.0,3,False,7.0,7.0,11.650485436893204,2nd Place,2,True
Jenn Tran,33,6.0,10.333333333333334,31.0,3,False,3.0,3.0,15.048543689320388,Eliminated Week 6,7,True
Joey Graziadei,33,6.0,10.666666666666666,32.0,3,False,1.0,1.0,15.53398058252427,1st Place,1,True
Stephen Nedoroscik,33,6.0,9.333333333333334,28.0,3,False,5.0,5.0,13.592233009708735,4th Place,4,True
Chandler Kinney,33,7.0,10.0,30.0,3,False,1.0,1.0,18.75,3rd Place,3,False
Danny Amendola,33,7.0,8.5,25.5,3,False,5.0,5.0,15.937499999999998,5th Place,5,False
Dwight Howard,33,7.0,8.0,24.0,3,False,6.0,6.0,15.0,Eliminated Week 7,6,False
Ilona Maher,33,7.0,8.666666666666666,26.0,3,False,4.0,4.0,16.25,2nd Place,2,False
Joey Graziadei,33,7.0,9.166666666666666,27.5,3,False,2.0,2.0,17.1875,1st Place,1,False
Stephen Nedoroscik,33,7.0,9.0,27.0,3,False,3.0,3.0,16.875,4th Place,4,False
Chandler Kinney,33,8.0,9.666666666666666,29.0,3,False,1.0,1.0,20.714285714285715,3rd Place,3,True
Danny Amendola,33,8.0,9.0,27.0,3,False,4.0,4.0,19.28571428571429,5th Place,5,True
Ilona Maher,33,8.0,9.5,28.5,3,False,3.0,3.0,20.357142857142858,2nd Place,2,True
Joey Graziadei,33,8.0,9.666666666666666,29.0,3,False,1.0,1.0,20.714285714285715,1st Place,1,True
Stephen Nedoroscik,33,8.0,8.833333333333334,26.5,3,False,5.0,5.0,18.928571428571427,4th Place,4,True
Chandler Kinney,33,9.0,10.0,30.0,3,False,1.0,1.0,20.61855670103093,3rd Place,3,True
Danny Amendola,33,9.0,9.333333333333334,28.0,3,False,5.0,5.0,19.243986254295532,5th Place,5,True
Ilona Maher,33,9.0,9.5,28.5,3,False,4.0,4.0,19.587628865979383,2nd Place,2,True
Joey Graziadei,33,9.0,9.833333333333334,29.5,3,False,2.0,2.0,20.27491408934708,1st Place,1,True
Stephen Nedoroscik,33,9.0,9.833333333333334,29.5,3,False,2.0,2.0,20.27491408934708,4th Place,4,True
Alix Earle,34,1.0,6.5,13.0,2,False,4.0,4.0,7.926829268292683,2nd Place,2,True
Andy Richter,34,1.0,4.5,9.0,2,False,13.0,13.0,5.487804878048781,Eliminated Week 9,7,True
Baron Davis,34,1.0,5.0,10.0,2,False,9.0,9.0,6.097560975609756,Eliminated Week 2,13,True
Corey Feldman,34,1.0,4.5,9.0,2,False,13.0,13.0,5.487804878048781,Eliminated Week 2,13,True
Danielle Fishel,34,1.0,6.0,12.0,2,False,6.0,6.0,7.317073170731707,Eliminated Week 8,8,True
Dylan Efron,34,1.0,5.0,10.0,2,False,9.0,9.0,6.097560975609756,4th Place,4,True
Elaine Hendrix,34,1.0,6.0,12.0,2,False,6.0,6.0,7.317073170731707,5th Place,5,True
Hilaria Baldwin,34,1.0,7.0,14.0,2,False,3.0,3.0,8.536585365853659,Eliminated Week 4,11,True
Jen Affleck,34,1.0,6.0,12.0,2,False,6.0,6.0,7.317073170731707,Eliminated Week 7,9,True
Jordan Chiles,34,1.0,5.0,10.0,2,False,9.0,9.0,6.097560975609756,3rd Place,3,True
Lauren Jauregui,34,1.0,6.5,13.0,2,False,4.0,4.0,7.926829268292683,Eliminated Week 3,12,True
Robert Irwin,34,1.0,7.5,15.0,2,False,1.0,1.0,9.146341463414634,1st Place,1,True
Scott Hoying,34,1.0,5.0,10.0,2,False,9.0,9.0,6.097560975609756,Eliminated Week 6,10,True
Whitney Leavitt,34,1.0,7.5,15.0,2,False,1.0,1.0,9.146341463414634,Eliminated Week 10,6,True
Alix Earle,34,2.0,7.0,21.0,3,False,5.0,5.0,7.553956834532374,2nd Place,2,True
Andy Richter,34,2.0,5.333333333333333,16.0,3,False,13.0,13.0,5.755395683453238,Eliminated Week 9,7,True
Baron Davis,34,2.0,6.0,18.0,3,False,11.0,11.0,6.474820143884892,Eliminated Week 2,13,True
Corey Feldman,34,2.0,5.0,15.0,3,False,14.0,14.0,5.39568345323741,Eliminated Week 2,13,True
Danielle Fishel,34,2.0,6.333333333333333,19.0,3,False,10.0,10.0,6.83453237410072,Eliminated Week 8,8,True
Dylan Efron,34,2.0,6.666666666666667,20.0,3,False,9.0,9.0,7.194244604316546,4th Place,4,True
Elaine Hendrix,34,2.0,7.0,21.0,3,False,5.0,5.0,7.553956834532374,5th Place,5,True
Hilaria Baldwin,34,2.0,7.0,21.0,3,False,5.0,5.0,7.553956834532374,Eliminated Week 4,11,True
Jen Affleck,34,2.0,7.333333333333333,22.0,3,False,1.0,1.0,7.913669064748201,Eliminated Week 7,9,True
Jordan Chiles,34,2.0,7.333333333333333,22.0,3,False,1.0,1.0,7.913669064748201,3rd Place,3,True
Lauren Jauregui,34,2.0,7.0,21.0,3,False,5.0,5.0,7.553956834532374,Eliminated Week 3,12,True
Robert Irwin,34,2.0,7.333333333333333,22.0,3,False,1.0,1.0,7.913669064748201,1st Place,1,True
Scott Hoying,34,2.0,6.0,18.0,3,False,11.0,11.0,6.474820143884892,Eliminated Week 6,10,True
Whitney Leavitt,34,2.0,7.333333333333333,22.0,3,False,1.0,1.0,7.913669064748201,Eliminated Week 10,6,True
Alix Earle,34,3.0,7.666666666666667,23.0,3,False,3.0,3.0,8.949416342412452,2nd Place,2,True
Andy Richter,34,3.0,6.0,18.0,3,False,11.0,11.0,7.003891050583658,Eliminated Week 9,7,True
Danielle Fishel,34,3.0,7.0,21.0,3,False,8.0,8.0,8.171206225680933,Eliminated Week 8,8,True
Dylan Efron,34,3.0,7.666666666666667,23.0,3,False,3.0,3.0,8.949416342412452,4th Place,4,True
Elaine Hendrix,34,3.0,7.0,21.0,3,False,8.0,8.0,8.171206225680933,5th Place,5,True
Hilaria Baldwin,34,3.0,7.333333333333333,22.0,3,False,5.0,5.0,8.560311284046692,Eliminated Week 4,11,True
Jen Affleck,34,3.0,6.333333333333333,19.0,3,False,10.0,10.0,7.392996108949417,Eliminated Week 7,9,True
Jordan Chiles,34,3.0,8.0,24.0,3,False,1.0,1.0,9.33852140077821,3rd Place,3,True
Lauren Jauregui,34,3.0,6.0,18.0,3,False,11.0,11.0,7.003891050583658,Eliminated Week 3,12,True
Robert Irwin,34,3.0,7.333333333333333,22.0,3,False,5.0,5.0,8.560311284046692,1st Place,1,True
Scott Hoying,34,3.0,7.333333333333333,22.0,3,False,5.0,5.0,8.560311284046692,Eliminated Week 6,10,True
Whitney Leavitt,34,3.0,8.0,24.0,3,False,1.0,1.0,9.33852140077821,Eliminated Week 10,6,True
Alix Earle,34,4.0,8.0,24.0,3,False,2.0,2.0,9.67741935483871,2nd Place,2,True
Andy Richter,34,4.0,6.0,18.0,3,False,11.0,11.0,7.258064516129033,Eliminated Week 9,7,True
Danielle Fishel,34,4.0,7.0,21.0,3,False,9.0,9.0,8.46774193548387,Eliminated Week 8,8,True
Dylan Efron,34,4.0,7.666666666666667,23.0,3,False,5.0,5.0,9.274193548387096,4th Place,4,True
Elaine Hendrix,34,4.0,8.0,24.0,3,False,2.0,2.0,9.67741935483871,5th Place,5,True
Hilaria Baldwin,34,4.0,7.666666666666667,23.0,3,False,5.0,5.0,9.274193548387096,Eliminated Week 4,11,True
Jen Affleck,34,4.0,7.666666666666667,23.0,3,False,5.0,5.0,9.274193548387096,Eliminated Week 7,9,True
Jordan Chiles,34,4.0,8.0,24.0,3,False,2.0,2.0,9.67741935483871,3rd Place,3,True
Robert Irwin,34,4.0,7.333333333333333,22.0,3,False,8.0,8.0,8.870967741935484,1st Place,1,True
Scott Hoying,34,4.0,7.0,21.0,3,False,9.0,9.0,8.46774193548387,Eliminated Week 6,10,True
Whitney Leavitt,34,4.0,8.333333333333334,25.0,3,False,1.0,1.0,10.080645161290322,Eliminated Week 10,6,True
Alix Earle,34,5.0,8.75,35.0,4,False,2.0,2.0,11.182108626198085,2nd Place,2,True
Andy Richter,34,5.0,6.0,24.0,4,False,10.0,10.0,7.667731629392971,Eliminated Week 9,7,True
Danielle Fishel,34,5.0,7.25,29.0,4,False,8.0,8.0,9.26517571884984,Eliminated Week 8,8,True
Dylan Efron,34,5.0,9.0,36.0,4,False,1.0,1.0,11.501597444089455,4th Place,4,True
Elaine Hendrix,34,5.0,7.5,30.0,4,False,6.0,6.0,9.584664536741212,5th Place,5,True
Jen Affleck,34,5.0,7.25,29.0,4,False,8.0,8.0,9.26517571884984,Eliminated Week 7,9,True
Jordan Chiles,34,5.0,8.0,32.0,4,False,5.0,5.0,10.22364217252396,3rd Place,3,True
Robert Irwin,34,5.0,8.75,35.0,4,False,2.0,2.0,11.182108626198085,1st Place,1,True
Scott Hoying,34,5.0,7.5,30.0,4,False,6.0,6.0,9.584664536741212,Eliminated Week 6,10,True
Whitney Leavitt,34,5.0,8.25,33.0,4,False,4.0,4.0,10.543130990415335,Eliminated Week 10,6,True
Alix Earle,34,6.0,8.75,35.0,4,False,6.0,6.0,10.294117647058822,2nd Place,2,True
Andy Richter,34,6.0,6.75,27.0,4,False,10.0,10.0,7.941176470588235,Eliminated Week 9,7,True
Danielle Fishel,34,6.0,9.0,36.0,4,False,3.0,3.0,10.588235294117649,Eliminated Week 8,8,True
Dylan Efron,34,6.0,8.0,32.0,4,False,7.0,7.0,9.411764705882351,4th Place,4,True
Elaine Hendrix,34,6.0,9.0,36.0,4,False,3.0,3.0,10.588235294117649,5th Place,5,True
Jen Affleck,34,6.0,8.0,32.0,4,False,7.0,7.0,9.411764705882351,Eliminated Week 7,9,True
Jordan Chiles,34,6.0,9.75,39.0,4,False,1.0,1.0,11.470588235294118,3rd Place,3,True
Robert Irwin,34,6.0,9.0,36.0,4,False,3.0,3.0,10.588235294117649,1st Place,1,True
Scott Hoying,34,6.0,7.0,28.0,4,False,9.0,9.0,8.235294117647058,Eliminated Week 6,10,True
Whitney Leavitt,34,6.0,9.75,39.0,4,False,1.0,1.0,11.470588235294118,Eliminated Week 10,6,True
Alix Earle,34,7.0,10.75,43.0,4,False,1.0,1.0,12.951807228915662,2nd Place,2,True
Andy Richter,34,7.0,7.25,29.0,4,False,9.0,9.0,8.734939759036145,Eliminated Week 9,7,True
Danielle Fishel,34,7.0,8.75,35.0,4,False,6.0,6.0,10.542168674698797,Eliminated Week 8,8,True
Dylan Efron,34,7.0,9.5,38.0,4,False,4.0,4.0,11.44578313253012,4th Place,4,True
Elaine Hendrix,34,7.0,8.0,32.0,4,False,8.0,8.0,9.63855421686747,5th Place,5,True
Jen Affleck,34,7.0,8.5,34.0,4,False,7.0,7.0,10.240963855421686,Eliminated Week 7,9,True
Jordan Chiles,34,7.0,9.5,38.0,4,False,4.0,4.0,11.44578313253012,3rd Place,3,True
Robert Irwin,34,7.0,10.25,41.0,4,False,3.0,3.0,12.349397590361445,1st Place,1,True
Whitney Leavitt,34,7.0,10.5,42.0,4,False,2.0,2.0,12.650602409638552,Eliminated Week 10,6,True
Alix Earle,34,8.0,9.625,38.5,4,False,3.0,3.0,12.769485903814262,2nd Place,2,True
Andy Richter,34,8.0,8.5,34.0,4,False,8.0,8.0,11.276948590381426,Eliminated Week 9,7,True
Danielle Fishel,34,8.0,9.25,37.0,4,False,7.0,7.0,12.271973466003317,Eliminated Week 8,8,True
Dylan Efron,34,8.0,9.5,38.0,4,False,4.0,4.0,12.603648424543948,4th Place,4,True
Elaine Hendrix,34,8.0,9.375,37.5,4,False,6.0,6.0,12.437810945273633,5th Place,5,True
Jordan Chiles,34,8.0,9.75,39.0,4,False,2.0,2.0,12.935323383084576,3rd Place,3,True
Robert Irwin,34,8.0,9.5,38.0,4,False,4.0,4.0,12.603648424543948,1st Place,1,True
Whitney Leavitt,34,8.0,9.875,39.5,4,False,1.0,1.0,13.101160862354892,Eliminated Week 10,6,True
Alix Earle,34,9.0,10.0,40.0,4,False,4.0,4.0,14.814814814814811,2nd Place,2,True
Andy Richter,34,9.0,7.25,29.0,4,False,7.0,7.0,10.74074074074074,Eliminated Week 9,7,True
Dylan Efron,34,9.0,10.5,42.0,4,False,1.0,1.0,15.555555555555555,4th Place,4,True
Elaine Hendrix,34,9.0,9.0,36.0,4,False,6.0,6.0,13.333333333333334,5th Place,5,True
Jordan Chiles,34,9.0,9.75,39.0,4,False,5.0,5.0,14.444444444444445,3rd Place,3,True
Robert Irwin,34,9.0,10.5,42.0,4,False,1.0,1.0,15.555555555555555,1st Place,1,True
Whitney Leavitt,34,9.0,10.5,42.0,4,False,1.0,1.0,15.555555555555555,Eliminated Week 10,6,True
Alix Earle,34,10.0,9.666666666666666,29.0,3,False,2.0,2.0,16.86046511627907,2nd Place,2,True
Dylan Efron,34,10.0,9.166666666666666,27.5,3,False,6.0,6.0,15.988372093023257,4th Place,4,True
Elaine Hendrix,34,10.0,9.5,28.5,3,False,4.0,4.0,16.569767441860463,5th Place,5,True
Jordan Chiles,34,10.0,9.5,28.5,3,False,4.0,4.0,16.569767441860463,3rd Place,3,True
Robert Irwin,34,10.0,9.833333333333334,29.5,3,False,1.0,1.0,17.151162790697676,1st Place,1,True
Whitney Leavitt,34,10.0,9.666666666666666,29.0,3,False,2.0,2.0,16.86046511627907,Eliminated Week 10,6,True
Alix Earle,34,11.0,10.0,30.0,3,False,1.0,1.0,20.31609129238783,2nd Place,2,True
Dylan Efron,34,11.0,9.777733333333334,29.3332,3,False,4.0,4.0,19.86453230326236,4th Place,4,True
Elaine Hendrix,34,11.0,9.6666,28.9998,3,False,5.0,5.0,19.63875280869962,5th Place,5,True
Jordan Chiles,34,11.0,9.888866666666669,29.666600000000003,3,False,2.0,2.0,20.0903117978251,3rd Place,3,True
Robert Irwin,34,11.0,9.888866666666669,29.666600000000003,3,False,2.0,2.0,20.0903117978251,1st Place,1,True
